Generation	Pmean	PmeanRes	PmeanUnres	MeanP0	StdevP0	MeanInfo	Pmean	PmeanRes	PmeanUnres	MeanP0	StdevP0	MeanInfo	Pmean	PmeanRes	PmeanUnres	MeanP0	StdevP0	MeanInfo
0	0.67	0	0.67	0.67	5.77316e-15	0	0.67	0	0.67	0.67	5.77316e-15	0	0.67	0	0.67	0.67	5.77316e-15	0
199501	0.4276	0.714255	0.173396	0.177658	0.0291272	0.494	0.5957	0.243653	0.882577	0.884502	0.0193958	0.459	0.5745	0.30395	0.825241	0.819661	0.0130456	0.472
199502	0.4384	0.694332	0.188538	0.176186	0.0286986	0.486	0.595	0.250545	0.887246	0.884579	0.0199614	0.436	0.5733	0.29089	0.825758	0.820103	0.0133797	0.465
199503	0.4285	0.684979	0.185992	0.178834	0.0287027	0.484	0.6096	0.241514	0.894149	0.884474	0.0194167	0.422	0.5763	0.296774	0.819252	0.820201	0.0151362	0.473
199504	0.4308	0.697107	0.181008	0.179216	0.0295118	0.478	0.6108	0.231754	0.887543	0.885552	0.0191157	0.404	0.5707	0.292812	0.820114	0.819846	0.0142831	0.501
199505	0.4266	0.697071	0.178927	0.18096	0.0303032	0.474	0.6198	0.22599	0.886745	0.886614	0.0196116	0.42	0.5627	0.305589	0.820842	0.819765	0.0146206	0.531
199506	0.4213	0.695148	0.174525	0.181889	0.0299118	0.468	0.6115	0.225952	0.89069	0.885587	0.0191226	0.401	0.5564	0.326742	0.816418	0.819755	0.0133779	0.554
199507	0.4318	0.713248	0.184211	0.182495	0.030386	0.465	0.6211	0.222943	0.887646	0.88619	0.0188126	0.402	0.5369	0.3213	0.804709	0.820232	0.0132348	0.533
199508	0.4246	0.703656	0.182056	0.184142	0.0303638	0.483	0.6209	0.222886	0.888462	0.885889	0.019383	0.388	0.5579	0.333021	0.814561	0.820625	0.0128035	0.549
199509	0.4424	0.709731	0.19265	0.184129	0.0308679	0.463	0.6294	0.225515	0.885458	0.886791	0.019153	0.394	0.5475	0.322404	0.821508	0.821001	0.0131427	0.566
199510	0.4238	0.70432	0.181937	0.185331	0.029548	0.475	0.6231	0.215482	0.888119	0.885789	0.0198662	0.395	0.5519	0.344523	0.82235	0.820555	0.0133752	0.568
199511	0.4258	0.696	0.181333	0.186528	0.029371	0.467	0.6227	0.216962	0.887603	0.885691	0.0196191	0.404	0.5413	0.324824	0.825926	0.8206	0.0143891	0.585
199512	0.4366	0.711777	0.195497	0.188003	0.0289896	0.468	0.6114	0.220792	0.876174	0.885589	0.019914	0.425	0.5399	0.341709	0.819277	0.819488	0.0149642	0.6
199513	0.4209	0.690812	0.183459	0.187199	0.0282203	0.482	0.6099	0.230588	0.890261	0.884998	0.020767	0.428	0.5327	0.345833	0.813	0.817636	0.0146779	0.642
199514	0.4294	0.691701	0.185328	0.18435	0.0280378	0.488	0.6115	0.238084	0.890909	0.885682	0.0210687	0.446	0.5286	0.361682	0.827933	0.817183	0.0150478	0.663
199515	0.4362	0.686885	0.197266	0.186207	0.0282492	0.472	0.589	0.224215	0.882671	0.884383	0.0217188	0.448	0.5224	0.374661	0.813056	0.816138	0.0149777	0.666
199516	0.4222	0.686864	0.185606	0.185459	0.0276943	0.435	0.6005	0.24933	0.885507	0.884505	0.0222795	0.451	0.5299	0.387087	0.814671	0.817567	0.0152115	0.683
199517	0.422	0.712874	0.198053	0.185278	0.0290367	0.435	0.5985	0.241907	0.891439	0.883941	0.0227442	0.486	0.5165	0.376135	0.818927	0.818739	0.0145327	0.714
199518	0.4117	0.703448	0.18708	0.185544	0.0287035	0.451	0.5761	0.253086	0.881518	0.883193	0.0225925	0.484	0.5122	0.390896	0.815035	0.819137	0.015152	0.708
199519	0.4167	0.707982	0.177413	0.186354	0.0276696	0.469	0.5826	0.267355	0.878295	0.882678	0.0229902	0.487	0.5172	0.392655	0.819178	0.819419	0.0138838	0.699
199520	0.4234	0.696588	0.182109	0.187587	0.027921	0.446	0.5874	0.273101	0.88577	0.882394	0.0201969	0.474	0.5152	0.389557	0.806977	0.819339	0.0139692	0.722
199521	0.4163	0.705605	0.183394	0.189464	0.0264774	0.437	0.5855	0.253797	0.884411	0.882127	0.0201692	0.463	0.5072	0.391967	0.806475	0.819839	0.013812	0.719
199522	0.412	0.705492	0.184192	0.190388	0.0260577	0.456	0.5926	0.259179	0.880074	0.882024	0.021022	0.471	0.5214	0.405981	0.816726	0.820231	0.0135837	0.738
199523	0.4271	0.701535	0.197059	0.189049	0.0268412	0.453	0.5849	0.255626	0.878072	0.883178	0.0212387	0.46	0.5094	0.400542	0.816031	0.821163	0.0131986	0.735
199524	0.4254	0.70596	0.193053	0.189088	0.0259563	0.434	0.5904	0.262174	0.87	0.884303	0.0212631	0.483	0.518	0.408571	0.821509	0.822228	0.0131291	0.715
199525	0.4132	0.701613	0.192049	0.189214	0.0251439	0.419	0.584	0.262526	0.884333	0.883908	0.0213758	0.499	0.5168	0.395385	0.821404	0.823687	0.0124635	0.735
199526	0.4063	0.708115	0.18864	0.189822	0.0248702	0.402	0.5791	0.267936	0.889022	0.884242	0.0222714	0.49	0.5179	0.405442	0.829811	0.821961	0.0132884	0.742
199527	0.4017	0.723881	0.185117	0.189751	0.0252181	0.381	0.5799	0.264082	0.883333	0.885541	0.0218627	0.47	0.5121	0.40593	0.817442	0.822958	0.0137213	0.742
199528	0.3887	0.725722	0.18126	0.188959	0.0248583	0.368	0.5947	0.26383	0.888113	0.884444	0.0214901	0.453	0.5065	0.397035	0.821318	0.82215	0.0140555	0.742
199529	0.3845	0.726359	0.185443	0.189039	0.0249424	0.37	0.6039	0.259382	0.889214	0.882573	0.0229267	0.444	0.5186	0.415768	0.814341	0.822614	0.017557	0.757
199530	0.3893	0.739189	0.18381	0.190677	0.0244039	0.397	0.5986	0.241667	0.883633	0.883119	0.0238694	0.445	0.5174	0.409775	0.852675	0.823956	0.0194791	0.744
199531	0.4078	0.738539	0.19005	0.18888	0.0247938	0.389	0.5967	0.240225	0.882523	0.880683	0.0241386	0.482	0.5058	0.399194	0.815625	0.823813	0.0181804	0.744
199532	0.3941	0.722622	0.184943	0.188717	0.0254329	0.375	0.5824	0.262033	0.880502	0.880626	0.0247636	0.517	0.5136	0.409677	0.815625	0.823548	0.0159151	0.746
199533	0.3918	0.734933	0.18592	0.189321	0.02535	0.39	0.5664	0.275435	0.877847	0.880439	0.0261386	0.484	0.5198	0.412466	0.835039	0.823818	0.0177078	0.757
199534	0.4014	0.732564	0.189672	0.19008	0.0249991	0.397	0.587	0.276446	0.878295	0.880195	0.0256681	0.496	0.5038	0.403038	0.817695	0.821804	0.0154559	0.747
199535	0.4072	0.731234	0.193864	0.191108	0.0250567	0.426	0.5839	0.278226	0.884722	0.882569	0.0250793	0.478	0.5149	0.409371	0.826482	0.82226	0.0159633	0.741
199536	0.4204	0.73662	0.185714	0.189052	0.0252204	0.44	0.5814	0.254393	0.880843	0.882087	0.0258535	0.498	0.513	0.405128	0.821622	0.822821	0.0159552	0.721
199537	0.4188	0.710227	0.189821	0.191427	0.0242093	0.461	0.5802	0.26988	0.888048	0.883268	0.025039	0.483	0.523	0.403467	0.8319	0.822946	0.0163113	0.708
199538	0.4274	0.710412	0.185343	0.19449	0.0235581	0.483	0.5836	0.257143	0.888588	0.882539	0.0262244	0.468	0.5164	0.385593	0.833562	0.823998	0.0162954	0.692
199539	0.436	0.706418	0.183366	0.194235	0.0238845	0.494	0.5872	0.253632	0.880639	0.883902	0.0277805	0.481	0.5214	0.393208	0.809416	0.824427	0.0161642	0.691
199540	0.441	0.691498	0.196443	0.195424	0.0231412	0.494	0.5878	0.261746	0.889981	0.883446	0.0272481	0.508	0.5262	0.388857	0.833333	0.823847	0.015119	0.704
199541	0.4345	0.669838	0.204743	0.195374	0.0229508	0.496	0.5681	0.262205	0.883943	0.884129	0.0260394	0.515	0.5095	0.37571	0.827703	0.822346	0.0127151	0.705
199542	0.4409	0.690726	0.19504	0.194139	0.0227894	0.489	0.569	0.273204	0.883093	0.881921	0.025772	0.539	0.5258	0.394043	0.840678	0.821486	0.011891	0.697
199543	0.4372	0.684049	0.200978	0.193793	0.0228948	0.499	0.5637	0.284601	0.890022	0.879877	0.0261985	0.546	0.5206	0.391822	0.816832	0.822195	0.0126054	0.692
199544	0.4356	0.683968	0.188224	0.19331	0.0219775	0.485	0.5594	0.29652	0.875551	0.882047	0.0259371	0.563	0.5223	0.385983	0.828571	0.821763	0.0128219	0.695
199545	0.4409	0.700206	0.196699	0.193875	0.0221012	0.463	0.5575	0.302842	0.885584	0.883987	0.0253978	0.58	0.5218	0.391367	0.819016	0.820792	0.0127974	0.683
199546	0.4183	0.688121	0.185661	0.193002	0.0229295	0.499	0.5432	0.294655	0.886429	0.884537	0.0241278	0.595	0.5259	0.383748	0.832177	0.821098	0.0131124	0.683
199547	0.4498	0.70481	0.195808	0.190883	0.0231877	0.486	0.5503	0.318487	0.890864	0.885738	0.0237251	0.606	0.5211	0.378038	0.829338	0.821021	0.0125958	0.663
199548	0.435	0.686214	0.197471	0.192833	0.0237891	0.508	0.5387	0.310396	0.889848	0.885329	0.0226948	0.592	0.5254	0.373152	0.824926	0.821717	0.0125331	0.655
199549	0.4387	0.677953	0.191667	0.190128	0.0232737	0.514	0.5546	0.325676	0.886765	0.884992	0.0228858	0.588	0.5256	0.373282	0.814783	0.821105	0.0117691	0.646
199550	0.4439	0.681518	0.192593	0.190459	0.0234325	0.506	0.5478	0.309184	0.88835	0.885516	0.0226848	0.595	0.5317	0.373839	0.819774	0.821182	0.0121705	0.625
199551	0.4384	0.685375	0.185425	0.189876	0.0242483	0.465	0.5502	0.322857	0.884198	0.884869	0.0229166	0.55	0.5355	0.35936	0.829067	0.821204	0.011763	0.627
199552	0.4226	0.696559	0.184486	0.189577	0.0237922	0.454	0.5635	0.296545	0.889778	0.886172	0.0222117	0.576	0.5335	0.363636	0.819035	0.821222	0.0122888	0.609
199553	0.4286	0.71696	0.188828	0.18986	0.0240244	0.475	0.5483	0.299306	0.886557	0.88591	0.0216841	0.59	0.5356	0.354187	0.818159	0.820527	0.0128464	0.614
199554	0.4369	0.701263	0.197714	0.188223	0.0254704	0.483	0.5487	0.314576	0.88561	0.886177	0.0210121	0.591	0.5335	0.357166	0.81399	0.819534	0.0134697	0.609
199555	0.4254	0.683437	0.184333	0.188498	0.0260938	0.469	0.5466	0.308629	0.890465	0.886401	0.0218414	0.607	0.5299	0.345484	0.817136	0.819533	0.0129395	0.619
199556	0.4245	0.697015	0.183804	0.188039	0.0275892	0.475	0.5486	0.329325	0.887277	0.887347	0.020917	0.606	0.5394	0.362843	0.826247	0.819653	0.0131829	0.602
199557	0.4352	0.706737	0.189524	0.187787	0.0269609	0.463	0.5365	0.309406	0.885787	0.888727	0.0204248	0.627	0.5335	0.336711	0.831156	0.818518	0.0131573	0.583
199558	0.4248	0.693521	0.19311	0.186854	0.0272905	0.474	0.5383	0.332536	0.884182	0.887193	0.0197342	0.623	0.5421	0.347684	0.813909	0.819127	0.012791	0.587
199559	0.4295	0.70211	0.18384	0.186746	0.0273561	0.472	0.541	0.331621	0.887003	0.887491	0.0192478	0.619	0.5465	0.352129	0.82276	0.819668	0.0117813	0.576
199560	0.4165	0.679237	0.181629	0.187088	0.0265487	0.475	0.5356	0.319063	0.887402	0.88553	0.0192722	0.619	0.5412	0.340451	0.813915	0.81968	0.0120052	0.569
199561	0.4292	0.706316	0.178476	0.187407	0.0285387	0.476	0.5333	0.317447	0.88399	0.886361	0.0196784	0.646	0.5422	0.334798	0.816009	0.819126	0.0121834	0.591
199562	0.4261	0.692017	0.184542	0.187217	0.029245	0.473	0.5359	0.342105	0.889548	0.886523	0.0198179	0.628	0.5331	0.330626	0.825672	0.819748	0.0119409	0.62
199563	0.4338	0.702537	0.1926	0.187196	0.0291713	0.492	0.5381	0.330414	0.88871	0.887172	0.0204878	0.616	0.5339	0.35129	0.831842	0.819205	0.0124084	0.656
199564	0.4356	0.692886	0.186417	0.187207	0.0277135	0.512	0.5382	0.321266	0.886198	0.888785	0.020851	0.628	0.525	0.36936	0.821802	0.819229	0.0129654	0.66
199565	0.443	0.687109	0.186885	0.188505	0.0277589	0.506	0.5377	0.334236	0.881183	0.888634	0.0208836	0.653	0.5287	0.378182	0.820882	0.818931	0.0124302	0.664
199566	0.4383	0.683597	0.187045	0.187979	0.0291823	0.498	0.535	0.346248	0.890202	0.88832	0.0217002	0.678	0.5269	0.369729	0.8375	0.81829	0.0124138	0.635
199567	0.4378	0.692972	0.184661	0.188158	0.0280181	0.519	0.5293	0.35767	0.890683	0.885095	0.0226795	0.693	0.5329	0.362205	0.829863	0.81833	0.0128617	0.646
199568	0.4538	0.695376	0.193139	0.187373	0.0281507	0.54	0.5214	0.363492	0.87785	0.885507	0.021931	0.685	0.5319	0.367802	0.831356	0.818862	0.0126525	0.641
199569	0.4447	0.668148	0.182391	0.188404	0.0274641	0.543	0.5236	0.357956	0.88381	0.887095	0.0209407	0.664	0.5297	0.369111	0.816435	0.819445	0.0116474	0.646
199570	0.4464	0.664457	0.187309	0.188135	0.0268846	0.566	0.5351	0.35497	0.891071	0.886912	0.0215505	0.683	0.5307	0.370588	0.822881	0.818492	0.01163	0.663
199571	0.457	0.661484	0.190323	0.187853	0.0274021	0.562	0.5172	0.348023	0.881703	0.888343	0.0218243	0.672	0.5148	0.368175	0.803264	0.818717	0.0111937	0.654
199572	0.4602	0.664769	0.197717	0.187571	0.0283873	0.55	0.5392	0.370238	0.885366	0.889848	0.0203638	0.641	0.5289	0.378135	0.813873	0.818903	0.0109268	0.637
199573	0.4424	0.655091	0.182444	0.189403	0.0288376	0.522	0.5313	0.333697	0.884123	0.889162	0.0201315	0.655	0.517	0.343956	0.820661	0.819206	0.0111923	0.634
199574	0.4418	0.677011	0.184937	0.189886	0.0300116	0.519	0.5354	0.351603	0.884348	0.888025	0.0213788	0.639	0.5261	0.359464	0.814754	0.818426	0.011323	0.625
199575	0.4463	0.679191	0.19501	0.187564	0.029769	0.537	0.5339	0.334272	0.887258	0.888282	0.0202927	0.624	0.5394	0.37664	0.810667	0.8187	0.0108866	0.632
199576	0.4441	0.663873	0.189201	0.187778	0.0309263	0.521	0.5419	0.328686	0.895745	0.888158	0.0195354	0.634	0.519	0.348734	0.811413	0.817723	0.0110715	0.633
199577	0.4444	0.679655	0.188518	0.186908	0.0315069	0.518	0.5411	0.333754	0.900273	0.887781	0.0201978	0.643	0.5396	0.377567	0.819074	0.818488	0.010871	0.623
199578	0.4427	0.679344	0.188382	0.186275	0.0311899	0.513	0.5277	0.333281	0.877871	0.888226	0.0205055	0.644	0.5286	0.34382	0.833952	0.818935	0.0108052	0.611
199579	0.4444	0.687329	0.188501	0.188504	0.0289847	0.518	0.5332	0.334783	0.892135	0.887188	0.0205603	0.647	0.5397	0.359247	0.823136	0.819368	0.0105239	0.604
199580	0.437	0.677413	0.178631	0.187159	0.0288542	0.512	0.5294	0.330912	0.893201	0.886998	0.0206801	0.636	0.5327	0.342053	0.823485	0.819281	0.0105626	0.603
199581	0.446	0.691406	0.188525	0.190052	0.028026	0.522	0.5372	0.328774	0.901374	0.886199	0.0215442	0.664	0.5378	0.362023	0.804786	0.819457	0.0104618	0.61
199582	0.4398	0.671648	0.186611	0.190336	0.0282074	0.544	0.5283	0.348946	0.882738	0.885276	0.021401	0.614	0.5353	0.352787	0.820769	0.819205	0.0109508	0.59
199583	0.4464	0.662316	0.188816	0.190137	0.0289606	0.543	0.549	0.337134	0.88601	0.885658	0.0227225	0.602	0.5401	0.344068	0.822195	0.818587	0.0110847	0.589
199584	0.4625	0.681952	0.201751	0.191421	0.0295673	0.534	0.5437	0.316279	0.887688	0.888362	0.0215147	0.612	0.539	0.34618	0.815328	0.817984	0.0107087	0.589
199585	0.4481	0.669476	0.194421	0.193245	0.0295916	0.519	0.5372	0.313562	0.889948	0.888852	0.0213097	0.585	0.5351	0.34601	0.806083	0.817631	0.0118848	0.571
199586	0.4439	0.684586	0.1842	0.194192	0.0283063	0.488	0.5569	0.322906	0.886747	0.891195	0.0215523	0.549	0.5506	0.347986	0.82028	0.817009	0.0118114	0.578
199587	0.4402	0.697541	0.194922	0.197156	0.0274373	0.488	0.5633	0.300364	0.88337	0.890506	0.0211002	0.56	0.5305	0.330969	0.803791	0.816151	0.0119059	0.57
199588	0.4355	0.68709	0.195703	0.198128	0.0269122	0.485	0.553	0.284643	0.894545	0.890528	0.0213574	0.557	0.5533	0.357018	0.813488	0.816966	0.0115334	0.555
199589	0.4344	0.689278	0.194369	0.198235	0.0270562	0.461	0.5621	0.305566	0.88465	0.889873	0.0218622	0.546	0.5421	0.325045	0.812809	0.817403	0.0112954	0.56
199590	0.4295	0.700651	0.197588	0.197216	0.0271629	0.471	0.5648	0.295421	0.888767	0.891151	0.0219947	0.551	0.5417	0.33125	0.809545	0.818326	0.0108351	0.568
199591	0.4289	0.701911	0.185822	0.197443	0.0269739	0.479	0.5554	0.289111	0.882183	0.890918	0.0233479	0.554	0.551	0.343134	0.824306	0.818938	0.0106334	0.536
199592	0.4402	0.706889	0.19501	0.19687	0.0268254	0.507	0.5574	0.291336	0.887892	0.890496	0.0222366	0.566	0.5587	0.332836	0.819612	0.819002	0.0100762	0.535
199593	0.4408	0.685602	0.189047	0.197092	0.0263425	0.512	0.5573	0.300707	0.891935	0.890091	0.0212058	0.531	0.5531	0.317383	0.824301	0.81913	0.00993161	0.553
199594	0.4414	0.681055	0.189959	0.198242	0.0250338	0.502	0.5696	0.281356	0.895949	0.89079	0.0204874	0.519	0.5442	0.326582	0.813423	0.818759	0.0107787	0.557
199595	0.4344	0.676295	0.190562	0.199585	0.0245383	0.501	0.5742	0.278998	0.892723	0.888695	0.0204236	0.521	0.5476	0.33088	0.82009	0.818941	0.0103343	0.561
199596	0.4515	0.691417	0.210621	0.200014	0.0222377	0.545	0.5677	0.268714	0.892902	0.889849	0.0203925	0.556	0.5402	0.328164	0.811162	0.819077	0.0105386	0.561
199597	0.4554	0.667706	0.201099	0.200617	0.0213781	0.532	0.558	0.294604	0.887838	0.889475	0.0204659	0.552	0.5457	0.340998	0.807289	0.819083	0.010848	0.581
199598	0.4383	0.649248	0.198504	0.199734	0.0221121	0.539	0.5615	0.292754	0.892634	0.889427	0.0207573	0.566	0.5428	0.344578	0.817661	0.818945	0.0113226	0.572
199599	0.4489	0.67384	0.1859	0.197278	0.022432	0.558	0.5511	0.296466	0.88318	0.889467	0.0217673	0.593	0.5409	0.335839	0.814953	0.818658	0.0117088	0.552
199600	0.46	0.667742	0.197738	0.196194	0.0256214	0.537	0.5411	0.303541	0.887224	0.889936	0.0220703	0.613	0.5423	0.325906	0.808929	0.818296	0.0110429	0.592
199601	0.4555	0.672998	0.20324	0.19684	0.0259406	0.532	0.5483	0.329364	0.89509	0.889001	0.0202655	0.604	0.5368	0.346791	0.8125	0.818614	0.0106087	0.573
199602	0.4402	0.659586	0.190812	0.195555	0.027164	0.547	0.5351	0.309603	0.87904	0.890669	0.0196925	0.605	0.5422	0.3363	0.818501	0.817581	0.0112842	0.573
199603	0.4558	0.668556	0.198896	0.195747	0.0260959	0.555	0.5481	0.324463	0.890633	0.890007	0.0202842	0.576	0.5372	0.334031	0.809836	0.817619	0.0114926	0.547
199604	0.4508	0.658559	0.191685	0.197386	0.0243967	0.553	0.548	0.300521	0.884198	0.891174	0.0199727	0.59	0.5501	0.325594	0.821192	0.817763	0.011082	0.525
199605	0.4472	0.65443	0.190828	0.19686	0.0238412	0.56	0.5477	0.312712	0.885854	0.888268	0.0200199	0.61	0.566	0.332762	0.823789	0.81697	0.0113922	0.535
199606	0.4587	0.66125	0.200909	0.195476	0.0257881	0.555	0.5367	0.310164	0.891026	0.888555	0.0197712	0.604	0.544	0.308598	0.814839	0.815927	0.0115042	0.535
199607	0.4527	0.655135	0.200225	0.193537	0.026444	0.578	0.5499	0.321689	0.89798	0.888777	0.019075	0.595	0.5498	0.325607	0.807742	0.816681	0.0116532	0.522
199608	0.4577	0.654152	0.188626	0.192012	0.0272222	0.57	0.5395	0.303361	0.88642	0.888708	0.0192597	0.593	0.5526	0.316284	0.810669	0.816232	0.0119482	0.529
199609	0.4608	0.658246	0.19907	0.192695	0.0276707	0.566	0.5488	0.313828	0.891155	0.888232	0.0189516	0.56	0.5564	0.324008	0.81741	0.816537	0.011891	0.519
199610	0.4618	0.664841	0.197005	0.192974	0.0258418	0.547	0.5606	0.301786	0.89	0.8903	0.0185042	0.584	0.5597	0.320809	0.817464	0.816464	0.0118791	0.529
199611	0.449	0.65521	0.2	0.192362	0.0262469	0.535	0.5422	0.296747	0.886779	0.889088	0.0191554	0.603	0.5591	0.326843	0.819958	0.816934	0.0112272	0.512
199612	0.4494	0.669907	0.195699	0.191528	0.0249587	0.535	0.5446	0.318242	0.888413	0.889257	0.0201272	0.587	0.5566	0.314258	0.810861	0.816817	0.0112238	0.499
199613	0.4456	0.674206	0.182581	0.188921	0.0255737	0.54	0.5484	0.309881	0.887409	0.88963	0.0198909	0.596	0.5663	0.311222	0.820359	0.816756	0.0117523	0.525
199614	0.4458	0.667407	0.185652	0.189703	0.0249593	0.533	0.547	0.315436	0.888614	0.889641	0.0204707	0.581	0.5567	0.323048	0.814947	0.816316	0.0114058	0.503
199615	0.4431	0.663039	0.192077	0.189954	0.0241713	0.506	0.5508	0.298623	0.900477	0.889853	0.0203708	0.595	0.5652	0.321471	0.811871	0.816027	0.0116647	0.493
199616	0.4352	0.678854	0.185628	0.190519	0.0249643	0.507	0.5406	0.301176	0.892346	0.889476	0.0217073	0.592	0.5681	0.31501	0.814201	0.815906	0.0117042	0.518
199617	0.4428	0.681065	0.197769	0.191289	0.0258244	0.526	0.553	0.318074	0.893873	0.888281	0.0222127	0.562	0.5522	0.307915	0.81473	0.816373	0.0120403	0.51
199618	0.4452	0.672814	0.192616	0.189652	0.0277723	0.499	0.555	0.296085	0.887215	0.886323	0.0232292	0.559	0.5533	0.303529	0.813265	0.816615	0.0124003	0.516
199619	0.4352	0.68497	0.186427	0.189172	0.0273617	0.5	0.56	0.297853	0.89229	0.884978	0.0238943	0.541	0.5611	0.313372	0.825207	0.818191	0.0121712	0.499
199620	0.4351	0.6838	0.1864	0.189047	0.0275944	0.468	0.5641	0.291497	0.885403	0.885763	0.0236834	0.55	0.571	0.31483	0.826148	0.818104	0.0120648	0.491
199621	0.4256	0.690598	0.192481	0.188622	0.0280704	0.463	0.5632	0.293455	0.892889	0.885035	0.0242752	0.573	0.5657	0.310591	0.811788	0.817756	0.0122304	0.489
199622	0.4275	0.711447	0.182682	0.187951	0.0274644	0.475	0.5534	0.302269	0.890398	0.886481	0.025643	0.573	0.5696	0.313906	0.814286	0.817918	0.0124601	0.483
199623	0.4324	0.7	0.190286	0.187459	0.0275642	0.493	0.5519	0.302792	0.886183	0.884795	0.0266781	0.57	0.5667	0.299379	0.816441	0.818717	0.0121678	0.512
199624	0.429	0.684178	0.180868	0.187745	0.0278145	0.492	0.5563	0.301404	0.894186	0.886619	0.025421	0.569	0.5593	0.310937	0.819877	0.818739	0.0125381	0.548
199625	0.4366	0.693089	0.188189	0.18777	0.0283659	0.476	0.5518	0.301582	0.882135	0.886219	0.0266064	0.543	0.5553	0.333942	0.823673	0.818912	0.0126969	0.529
199626	0.4305	0.703151	0.182824	0.188887	0.0278083	0.474	0.5647	0.299816	0.879431	0.885683	0.0271405	0.529	0.5505	0.314367	0.815711	0.818842	0.0132118	0.517
199627	0.4347	0.702532	0.193346	0.189983	0.0271011	0.476	0.563	0.283365	0.87707	0.885477	0.0280163	0.519	0.5671	0.328627	0.82236	0.819223	0.0142029	0.499
199628	0.4349	0.704622	0.189885	0.189363	0.0280286	0.458	0.5757	0.292871	0.880873	0.884021	0.0282728	0.529	0.5688	0.305411	0.831138	0.819803	0.0132336	0.474
199629	0.4204	0.69738	0.186347	0.189097	0.0276149	0.475	0.5688	0.289792	0.882166	0.884015	0.0287561	0.508	0.5708	0.290717	0.823194	0.820224	0.0129438	0.464
199630	0.4347	0.696842	0.197524	0.188721	0.0293641	0.471	0.5791	0.277362	0.89065	0.885281	0.0291188	0.528	0.5701	0.280388	0.820896	0.820183	0.0134775	0.461
199631	0.4228	0.691083	0.183932	0.188997	0.0293034	0.45	0.5614	0.273106	0.883898	0.886591	0.0294624	0.542	0.5804	0.293275	0.825974	0.820402	0.0137826	0.443
199632	0.4368	0.727333	0.199091	0.188966	0.0286333	0.441	0.5527	0.278413	0.877293	0.88732	0.0293685	0.551	0.5845	0.28307	0.824237	0.820754	0.013943	0.431
199633	0.4094	0.694785	0.184258	0.190675	0.0275389	0.451	0.5567	0.292015	0.881514	0.88749	0.0298542	0.535	0.5943	0.278654	0.833392	0.820815	0.0134922	0.444
199634	0.4191	0.699113	0.189071	0.191078	0.0260988	0.438	0.5627	0.280187	0.887742	0.887361	0.0305933	0.563	0.5842	0.28018	0.826978	0.820921	0.013932	0.457
199635	0.4119	0.692922	0.192883	0.191811	0.0248227	0.464	0.55	0.288099	0.887414	0.88659	0.029571	0.56	0.5754	0.287746	0.817495	0.822074	0.0131845	0.471
199636	0.4345	0.705603	0.199813	0.191054	0.0262945	0.482	0.5537	0.300893	0.875455	0.887381	0.0298913	0.56	0.5793	0.309979	0.819093	0.82177	0.0138773	0.453
199637	0.4466	0.709129	0.202317	0.187623	0.0278812	0.471	0.5533	0.291429	0.886591	0.887686	0.031406	0.547	0.5782	0.287638	0.81883	0.820593	0.015013	0.469
199638	0.4251	0.691507	0.187902	0.187643	0.0276991	0.455	0.5679	0.297441	0.894481	0.887604	0.0315844	0.557	0.5706	0.291471	0.817137	0.821101	0.0148931	0.491
199639	0.4279	0.704396	0.197064	0.185366	0.0284518	0.469	0.5536	0.285637	0.890519	0.886617	0.0322477	0.549	0.5708	0.309572	0.82279	0.821844	0.0146701	0.491
199640	0.4289	0.703625	0.186252	0.187809	0.0274147	0.482	0.5679	0.301457	0.892239	0.8884	0.0327049	0.532	0.5612	0.289613	0.823183	0.821582	0.0146835	0.497
199641	0.437	0.696888	0.195174	0.189248	0.0274212	0.468	0.5633	0.278571	0.886966	0.889887	0.0343342	0.53	0.5686	0.309054	0.82505	0.821193	0.0146436	0.494
199642	0.4319	0.702137	0.194173	0.189485	0.0250812	0.473	0.5703	0.287925	0.888723	0.890749	0.0339224	0.532	0.5626	0.302632	0.816403	0.821459	0.014854	0.483
199643	0.4374	0.712051	0.190892	0.18983	0.0246145	0.482	0.5608	0.274436	0.886325	0.890866	0.0348666	0.521	0.5753	0.312215	0.821083	0.822508	0.0146369	0.475
199644	0.4379	0.7	0.194015	0.189072	0.0243153	0.487	0.572	0.278503	0.891232	0.890896	0.0359213	0.547	0.5693	0.289684	0.822286	0.822927	0.0146301	0.47
199645	0.4323	0.687269	0.190253	0.190104	0.0248169	0.495	0.5633	0.291408	0.891611	0.891602	0.0347356	0.549	0.5694	0.295745	0.812075	0.823466	0.0146947	0.462
199646	0.4392	0.692323	0.191089	0.190391	0.0244782	0.493	0.563	0.291439	0.89357	0.889272	0.0346957	0.549	0.5797	0.285931	0.83197	0.823814	0.0150699	0.456
199647	0.4454	0.692292	0.205325	0.190693	0.0242941	0.482	0.5555	0.283607	0.886475	0.88876	0.0335687	0.59	0.58	0.287719	0.825	0.821743	0.0155227	0.472
199648	0.4283	0.690041	0.184749	0.191956	0.0246369	0.494	0.5454	0.307797	0.887317	0.89	0.0331656	0.555	0.5691	0.29322	0.81572	0.822387	0.0152365	0.489
199649	0.4426	0.690081	0.200988	0.19044	0.0253605	0.509	0.5607	0.303063	0.882022	0.889473	0.0322918	0.543	0.5711	0.301227	0.829354	0.821953	0.01466	0.509
199650	0.4418	0.682318	0.192464	0.190366	0.0244527	0.507	0.5659	0.293554	0.889497	0.886463	0.0321966	0.566	0.5576	0.308841	0.815479	0.821362	0.0153533	0.494
199651	0.4398	0.686785	0.185801	0.191316	0.0257894	0.522	0.5589	0.303357	0.892166	0.885985	0.0342522	0.559	0.5645	0.301822	0.820949	0.821169	0.0151307	0.52
199652	0.4503	0.683142	0.196025	0.191788	0.0254629	0.539	0.5623	0.305725	0.887528	0.886612	0.0342548	0.545	0.5534	0.308462	0.81875	0.820446	0.0150085	0.527
199653	0.449	0.672727	0.187419	0.191114	0.0258602	0.55	0.5639	0.294679	0.886374	0.883345	0.0348976	0.528	0.5543	0.32296	0.812051	0.82106	0.0147562	0.518
199654	0.4539	0.668909	0.191111	0.19161	0.0239832	0.542	0.5672	0.283712	0.884322	0.885104	0.0341434	0.552	0.5566	0.309653	0.821992	0.819684	0.0150745	0.52
199655	0.4404	0.653137	0.188646	0.192068	0.0238892	0.547	0.5579	0.290217	0.887723	0.884598	0.0325698	0.538	0.555	0.309808	0.820625	0.820279	0.0148954	0.535
199656	0.4505	0.670384	0.184989	0.189302	0.0250189	0.554	0.5658	0.293866	0.882468	0.881057	0.0312287	0.533	0.5568	0.323925	0.824731	0.820084	0.0147262	0.552
199657	0.4488	0.660289	0.186099	0.190311	0.0253903	0.555	0.5662	0.28818	0.883512	0.880999	0.031249	0.537	0.5381	0.311413	0.817411	0.821299	0.014962	0.565
199658	0.4462	0.659279	0.180449	0.189652	0.0260119	0.532	0.5667	0.294041	0.882937	0.881568	0.032073	0.548	0.5534	0.351327	0.815862	0.821506	0.0154104	0.572
199659	0.4477	0.677256	0.186752	0.188654	0.0268738	0.553	0.5545	0.286861	0.878982	0.879577	0.0328925	0.507	0.5443	0.330944	0.829439	0.8216	0.0155008	0.568
199660	0.4564	0.667812	0.194855	0.188886	0.0266011	0.587	0.5784	0.277712	0.887627	0.880544	0.0325977	0.512	0.5496	0.339965	0.825231	0.822575	0.0156094	0.603
199661	0.4622	0.650937	0.193947	0.186678	0.0273194	0.592	0.5742	0.278906	0.884016	0.878591	0.0339411	0.529	0.5299	0.337811	0.821662	0.822576	0.015442	0.596
199662	0.4695	0.663176	0.18848	0.1851	0.0276645	0.571	0.5694	0.286578	0.887049	0.880063	0.0352354	0.539	0.5413	0.353691	0.818069	0.822899	0.0153251	0.589
199663	0.4516	0.653765	0.182517	0.185295	0.0280577	0.559	0.5648	0.287941	0.888503	0.878076	0.0350613	0.535	0.5375	0.340747	0.819465	0.822894	0.0153823	0.594
199664	0.4532	0.659213	0.192063	0.18618	0.0278436	0.564	0.5653	0.293084	0.878495	0.879514	0.0341943	0.521	0.5333	0.334007	0.824877	0.823324	0.0149408	0.609
199665	0.455	0.66383	0.184862	0.185767	0.0287452	0.541	0.5753	0.28906	0.886639	0.880681	0.0328357	0.56	0.5422	0.35977	0.826343	0.824162	0.0144284	0.583
199666	0.447	0.671904	0.181917	0.186845	0.0287554	0.535	0.5475	0.293571	0.870682	0.879201	0.0322393	0.564	0.5478	0.349571	0.82494	0.825159	0.0146323	0.602
199667	0.4464	0.673271	0.185376	0.185509	0.0291052	0.535	0.5601	0.313298	0.879358	0.881593	0.03226	0.558	0.5321	0.340864	0.821357	0.826118	0.0149342	0.596
199668	0.4467	0.681495	0.176559	0.186122	0.0283045	0.498	0.5582	0.301792	0.8819	0.883549	0.0324212	0.599	0.5499	0.358557	0.832178	0.825536	0.0139242	0.585
199669	0.4319	0.688153	0.177689	0.184929	0.0300002	0.52	0.5432	0.317362	0.880549	0.882175	0.0319918	0.601	0.5384	0.334872	0.825301	0.825719	0.0139334	0.574
199670	0.4464	0.6825	0.190625	0.184902	0.0303373	0.538	0.5475	0.326622	0.880201	0.880128	0.0337497	0.599	0.5445	0.339721	0.820423	0.825076	0.0140744	0.582
199671	0.4531	0.673606	0.19632	0.186442	0.0293116	0.536	0.5455	0.32404	0.876309	0.880478	0.0343855	0.591	0.5387	0.337629	0.81866	0.825241	0.0141461	0.58
199672	0.452	0.673507	0.196121	0.186921	0.0288145	0.521	0.5544	0.331134	0.877017	0.878697	0.0328284	0.592	0.5387	0.335345	0.819524	0.824676	0.0144885	0.566
199673	0.4438	0.677735	0.189353	0.187724	0.0282654	0.515	0.5377	0.304899	0.87549	0.88073	0.0346016	0.587	0.5471	0.331449	0.828341	0.824344	0.0148598	0.575
199674	0.4404	0.681165	0.184742	0.186196	0.0303493	0.502	0.5529	0.318228	0.886441	0.878785	0.0339681	0.602	0.5455	0.330261	0.836706	0.823916	0.0148678	0.58
199675	0.4396	0.701394	0.175703	0.186947	0.0290251	0.48	0.5359	0.315781	0.868844	0.877613	0.0324324	0.597	0.5356	0.326724	0.824048	0.823164	0.0155498	0.605
199676	0.4266	0.691667	0.181923	0.188047	0.0278071	0.468	0.5539	0.332663	0.881638	0.876061	0.0314961	0.591	0.5397	0.350579	0.829367	0.822818	0.0163693	0.603
199677	0.4242	0.691026	0.189474	0.189491	0.0282061	0.47	0.5468	0.317259	0.878484	0.875357	0.0312266	0.598	0.535	0.348922	0.817632	0.822027	0.0162804	0.611
199678	0.4315	0.710851	0.183774	0.189153	0.0285835	0.49	0.5464	0.326087	0.874129	0.87372	0.0308177	0.616	0.5408	0.360393	0.824165	0.821729	0.0159259	0.613
199679	0.4342	0.687143	0.191176	0.189478	0.0282196	0.482	0.536	0.325	0.874479	0.873983	0.0328843	0.608	0.5242	0.337847	0.81938	0.821678	0.016728	0.619
199680	0.4382	0.707469	0.187645	0.189514	0.0276793	0.523	0.5447	0.338158	0.865051	0.872307	0.0313665	0.606	0.5283	0.348142	0.820997	0.821063	0.0168945	0.609
199681	0.4422	0.676291	0.185535	0.188299	0.0297698	0.539	0.547	0.333663	0.875127	0.874576	0.0308826	0.571	0.5412	0.356979	0.828133	0.820104	0.0168446	0.609
199682	0.4516	0.680519	0.183948	0.188146	0.0305316	0.491	0.5565	0.322592	0.867832	0.875178	0.0332641	0.583	0.5358	0.352381	0.821483	0.820878	0.0167879	0.607
199683	0.4354	0.688595	0.191159	0.188741	0.0302849	0.488	0.5451	0.314408	0.867626	0.875548	0.0332924	0.615	0.5319	0.350906	0.81145	0.820045	0.0167569	0.6
199684	0.4343	0.689344	0.191211	0.188582	0.0302333	0.507	0.5353	0.324065	0.872727	0.875481	0.0341224	0.618	0.5335	0.345	0.81625	0.818154	0.016679	0.627
199685	0.4367	0.676529	0.190061	0.192855	0.0258752	0.511	0.5337	0.328155	0.86623	0.875337	0.0338103	0.616	0.5279	0.352153	0.823324	0.818416	0.0172137	0.631
199686	0.4369	0.682387	0.180368	0.192354	0.0249413	0.513	0.5462	0.336526	0.882552	0.876984	0.0324775	0.594	0.5321	0.368938	0.811111	0.819678	0.0168788	0.618
199687	0.4408	0.680897	0.187885	0.193179	0.02389	0.54	0.5497	0.320875	0.884483	0.875804	0.0334018	0.565	0.5357	0.362783	0.815445	0.819255	0.0170719	0.615
199688	0.4487	0.671852	0.186739	0.190386	0.0248763	0.538	0.5475	0.296991	0.872874	0.873835	0.0328805	0.596	0.5288	0.346504	0.82	0.818068	0.0170594	0.623
199689	0.4531	0.676208	0.19329	0.190506	0.0230749	0.532	0.5373	0.312584	0.868812	0.874285	0.0328903	0.591	0.5364	0.364205	0.820955	0.817665	0.0168597	0.654
199690	0.4449	0.675564	0.182692	0.189206	0.0239658	0.548	0.552	0.330964	0.871394	0.873755	0.0309167	0.601	0.5243	0.363761	0.827746	0.814757	0.0163045	0.652
199691	0.4535	0.674635	0.185398	0.189473	0.0252167	0.58	0.5491	0.33178	0.876441	0.876176	0.030062	0.573	0.5231	0.366718	0.816092	0.815173	0.0169814	0.635
199692	0.4647	0.660345	0.194524	0.191165	0.0249241	0.576	0.5613	0.319721	0.88548	0.87686	0.0290583	0.583	0.5279	0.367087	0.807671	0.815056	0.0167384	0.656
199693	0.4541	0.649306	0.188915	0.193994	0.0222491	0.559	0.5444	0.305832	0.877938	0.875477	0.0290197	0.578	0.531	0.383232	0.812791	0.815188	0.016648	0.693
199694	0.4524	0.658497	0.191156	0.19455	0.0215081	0.553	0.5498	0.319377	0.865403	0.875318	0.0287905	0.583	0.5142	0.382251	0.812052	0.81547	0.0172997	0.704
199695	0.4466	0.655515	0.188143	0.195742	0.0213598	0.554	0.547	0.312521	0.87482	0.872524	0.0278614	0.586	0.5197	0.398295	0.808446	0.814869	0.0173305	0.707
199696	0.4637	0.674007	0.202466	0.197123	0.0211174	0.551	0.5495	0.323549	0.869324	0.873184	0.0281007	0.564	0.5159	0.390948	0.817406	0.816005	0.0182476	0.723
199697	0.4542	0.661887	0.199332	0.19588	0.0208147	0.58	0.5571	0.312411	0.873624	0.871844	0.0284854	0.573	0.5165	0.399723	0.8213	0.815422	0.0168975	0.744
199698	0.4677	0.665345	0.194762	0.194678	0.0224154	0.59	0.5507	0.308551	0.875644	0.8716	0.0290377	0.572	0.5142	0.408468	0.821484	0.815187	0.0173515	0.762
199699	0.4567	0.640169	0.192683	0.19559	0.0213647	0.562	0.5463	0.302972	0.871495	0.871686	0.0290037	0.542	0.4937	0.396457	0.805042	0.815824	0.0173697	0.775
199700	0.4522	0.650178	0.198174	0.195726	0.0212352	0.56	0.5687	0.308487	0.876638	0.872036	0.0282893	0.539	0.5159	0.431742	0.805778	0.814003	0.0162266	0.772
199701	0.4504	0.651964	0.193864	0.193133	0.0211463	0.549	0.5578	0.291651	0.86898	0.872834	0.0294661	0.522	0.5195	0.427202	0.832018	0.813717	0.0168186	0.76
199702	0.4573	0.669945	0.198448	0.194328	0.0218413	0.531	0.5656	0.284483	0.872594	0.874303	0.0307638	0.507	0.5054	0.409342	0.809583	0.813192	0.015798	0.752
199703	0.443	0.659134	0.198294	0.194559	0.0204625	0.559	0.5801	0.287574	0.880933	0.873789	0.0316876	0.516	0.5173	0.415824	0.825	0.815629	0.0173891	0.756
199704	0.4682	0.680501	0.199093	0.194827	0.0201869	0.56	0.5636	0.273062	0.873347	0.874439	0.0321564	0.527	0.5069	0.411243	0.803279	0.816458	0.0173184	0.741
199705	0.4503	0.646964	0.2	0.196556	0.0209791	0.543	0.5602	0.279507	0.872939	0.875493	0.0327343	0.53	0.5238	0.419298	0.82278	0.816213	0.0171112	0.723
199706	0.4524	0.675691	0.18709	0.196978	0.0210619	0.56	0.5725	0.296604	0.883617	0.877982	0.0346833	0.492	0.508	0.391148	0.812996	0.815698	0.0174897	0.706
199707	0.4548	0.655536	0.199318	0.197259	0.0211447	0.54	0.5708	0.257927	0.873819	0.876801	0.0343024	0.496	0.5195	0.392776	0.82381	0.816198	0.0176434	0.706
199708	0.4495	0.662037	0.2	0.198059	0.0213623	0.516	0.5768	0.278226	0.870635	0.875797	0.0340053	0.484	0.5226	0.396742	0.82483	0.816819	0.0172423	0.729
199709	0.4439	0.675775	0.196694	0.198079	0.0215623	0.507	0.5819	0.274174	0.870543	0.878916	0.0331775	0.485	0.5171	0.409877	0.805535	0.817408	0.0176945	0.734
199710	0.4437	0.684418	0.196146	0.198783	0.0200621	0.487	0.5821	0.272165	0.873981	0.878195	0.0327457	0.484	0.5076	0.397003	0.812782	0.817212	0.0171065	0.739
199711	0.438	0.687885	0.20078	0.199013	0.0210198	0.478	0.5852	0.268182	0.882558	0.877568	0.0338099	0.478	0.5232	0.416373	0.82567	0.816354	0.0167231	0.75
199712	0.4394	0.698536	0.202107	0.195901	0.02021	0.476	0.5863	0.258787	0.886207	0.878165	0.0330187	0.48	0.4956	0.385467	0.826	0.817602	0.016801	0.722
199713	0.4333	0.690966	0.199237	0.195337	0.0198981	0.482	0.587	0.2725	0.877308	0.875346	0.033009	0.462	0.5316	0.420499	0.820144	0.81683	0.0176112	0.717
199714	0.4445	0.705187	0.201931	0.194677	0.020778	0.458	0.5903	0.256494	0.876952	0.877023	0.0334331	0.443	0.5139	0.394421	0.816608	0.816373	0.0177571	0.668
199715	0.4262	0.69738	0.197048	0.192497	0.0215673	0.475	0.6025	0.25237	0.880969	0.878207	0.0336361	0.442	0.5279	0.392365	0.800602	0.817755	0.016486	0.621
199716	0.4381	0.703579	0.197905	0.193793	0.0208749	0.492	0.6017	0.249548	0.880645	0.882062	0.0329156	0.451	0.5431	0.369243	0.827968	0.817721	0.0166261	0.625
199717	0.4399	0.691463	0.19626	0.194149	0.0204609	0.469	0.6008	0.252993	0.886521	0.881608	0.0327443	0.447	0.5321	0.36368	0.8128	0.817892	0.0165367	0.634
199718	0.4315	0.693817	0.199812	0.19474	0.0219085	0.472	0.6051	0.250559	0.891682	0.882226	0.0332367	0.431	0.5323	0.3653	0.821585	0.818014	0.0168466	0.627
199719	0.4226	0.690466	0.183144	0.194672	0.0218672	0.466	0.6041	0.236891	0.88225	0.885301	0.0311349	0.415	0.5245	0.355662	0.808311	0.817425	0.0175971	0.62
199720	0.4274	0.69485	0.194007	0.19391	0.0195265	0.447	0.6212	0.245301	0.887863	0.884657	0.0305374	0.41	0.5344	0.35871	0.821053	0.818166	0.0176845	0.606
199721	0.42	0.696868	0.196203	0.192072	0.0202344	0.425	0.6154	0.220488	0.889831	0.883374	0.0317497	0.412	0.5405	0.356601	0.82335	0.818882	0.0173564	0.601
199722	0.4183	0.716	0.198261	0.193352	0.0193018	0.423	0.6115	0.229369	0.879252	0.884844	0.0323667	0.441	0.5353	0.350416	0.813784	0.818605	0.0175578	0.621
199723	0.4164	0.718203	0.195147	0.193624	0.0180612	0.428	0.5992	0.233107	0.888014	0.888054	0.0310485	0.448	0.5296	0.357327	0.811873	0.819079	0.01853	0.623
199724	0.4139	0.713084	0.190035	0.193649	0.0180513	0.432	0.6009	0.248214	0.887138	0.89004	0.0304438	0.448	0.5319	0.357464	0.820159	0.817952	0.0180902	0.617
199725	0.4155	0.715972	0.186972	0.194659	0.0159728	0.444	0.6018	0.243973	0.89221	0.891135	0.0302323	0.433	0.5296	0.351216	0.816971	0.819812	0.0184851	0.655
199726	0.4251	0.712613	0.195504	0.192039	0.0178065	0.453	0.605	0.232333	0.889594	0.892188	0.0290022	0.434	0.5185	0.361832	0.815942	0.819028	0.0186464	0.672
199727	0.4145	0.691832	0.184826	0.191181	0.0179717	0.448	0.605	0.23318	0.890106	0.890243	0.0300025	0.418	0.5344	0.389435	0.831402	0.820062	0.0189045	0.667
199728	0.427	0.721205	0.188225	0.192467	0.0163946	0.485	0.6227	0.239952	0.897595	0.887735	0.0304434	0.431	0.5268	0.376012	0.828829	0.820699	0.0177888	0.668
199729	0.4421	0.69299	0.205825	0.19119	0.0165641	0.503	0.6024	0.223666	0.889279	0.889096	0.0294816	0.404	0.5181	0.372904	0.810241	0.821579	0.0183389	0.663
199730	0.4419	0.688072	0.192757	0.191907	0.0167656	0.505	0.6198	0.228218	0.885235	0.889439	0.0283998	0.393	0.5338	0.38175	0.832938	0.821322	0.0182839	0.662
199731	0.4381	0.68198	0.189293	0.192185	0.0168821	0.504	0.6293	0.226209	0.89028	0.890054	0.0285144	0.406	0.5273	0.377492	0.82071	0.822442	0.0177117	0.668
199732	0.4403	0.68373	0.192944	0.192636	0.0165866	0.497	0.622	0.225862	0.892761	0.889159	0.0288869	0.408	0.5275	0.380838	0.82259	0.823804	0.0174356	0.682
199733	0.4369	0.688531	0.18827	0.191967	0.0177867	0.453	0.6186	0.225	0.889865	0.889195	0.0295021	0.409	0.5197	0.378592	0.822327	0.825819	0.0163716	0.681
199734	0.4166	0.703532	0.178976	0.192029	0.01833	0.441	0.618	0.225428	0.889679	0.886584	0.0290567	0.396	0.5244	0.382966	0.826332	0.826647	0.0158526	0.683
199735	0.4217	0.704762	0.19839	0.19285	0.0173518	0.438	0.6215	0.214394	0.888411	0.888609	0.0268415	0.399	0.5228	0.384773	0.820189	0.825588	0.016155	0.691
199736	0.4196	0.714155	0.190036	0.191217	0.0189976	0.435	0.6211	0.217544	0.889018	0.887564	0.0261298	0.402	0.5219	0.391751	0.812945	0.826192	0.014766	0.696
199737	0.4154	0.710115	0.188496	0.191239	0.0201522	0.464	0.6217	0.227363	0.886789	0.887398	0.0258578	0.395	0.511	0.377874	0.815789	0.825052	0.0150574	0.707
199738	0.424	0.701724	0.183582	0.192855	0.0200145	0.457	0.6228	0.22	0.885785	0.886312	0.0255397	0.389	0.5269	0.398868	0.835836	0.824434	0.0149284	0.679
199739	0.4259	0.699562	0.19558	0.193445	0.018891	0.481	0.631	0.223907	0.89018	0.887118	0.0260937	0.364	0.5255	0.38218	0.82866	0.82535	0.014679	0.688
199740	0.4275	0.683992	0.189788	0.192389	0.0195411	0.471	0.6347	0.199725	0.883648	0.888644	0.0249127	0.374	0.529	0.38968	0.836218	0.824104	0.0146076	0.689
199741	0.4295	0.691083	0.196597	0.193491	0.0179339	0.464	0.6371	0.221123	0.885623	0.886563	0.0265169	0.387	0.5217	0.384325	0.826045	0.823696	0.0146745	0.678
199742	0.4377	0.712069	0.200187	0.193187	0.0182886	0.491	0.6208	0.20491	0.883361	0.887568	0.0256339	0.382	0.514	0.367699	0.82205	0.823569	0.0151315	0.658
199743	0.4325	0.688798	0.185265	0.194442	0.0178119	0.466	0.6286	0.215183	0.884142	0.887223	0.0254958	0.39	0.5277	0.379179	0.81345	0.821894	0.0155124	0.624
199744	0.4279	0.690129	0.199064	0.19583	0.0153308	0.48	0.6242	0.211538	0.888033	0.890155	0.0257918	0.397	0.5403	0.365705	0.830053	0.820599	0.0155973	0.607
199745	0.4395	0.69375	0.204808	0.194779	0.016269	0.492	0.6256	0.224181	0.889884	0.892581	0.0257542	0.407	0.5272	0.341021	0.814758	0.820744	0.0159874	0.613
199746	0.4439	0.690041	0.205512	0.1947	0.0177923	0.49	0.6148	0.214251	0.889713	0.894766	0.0252559	0.397	0.5333	0.352202	0.820155	0.820009	0.0159821	0.628
199747	0.4294	0.683673	0.185098	0.195151	0.0184558	0.504	0.6272	0.216373	0.897678	0.894623	0.026771	0.417	0.5324	0.364172	0.816398	0.81951	0.0154392	0.615
199748	0.4492	0.688889	0.205645	0.193829	0.0207005	0.507	0.6129	0.216067	0.896741	0.896254	0.0257639	0.45	0.5336	0.356911	0.815844	0.819464	0.0157781	0.586
199749	0.438	0.678107	0.191075	0.194136	0.0201843	0.491	0.5968	0.227556	0.898909	0.89644	0.0247113	0.425	0.5461	0.349829	0.823913	0.82087	0.0155982	0.6
199750	0.4381	0.685947	0.199018	0.196236	0.0170714	0.519	0.6149	0.235765	0.89513	0.894425	0.0265468	0.409	0.5311	0.337	0.82225	0.820957	0.0151367	0.618
199751	0.4392	0.668786	0.191476	0.197148	0.0187115	0.518	0.6197	0.21687	0.898477	0.895062	0.0275007	0.399	0.535	0.357605	0.82199	0.820695	0.0151168	0.615
199752	0.4438	0.67529	0.195021	0.196867	0.017785	0.521	0.6237	0.218296	0.892845	0.894813	0.0273487	0.417	0.5364	0.354959	0.826234	0.820576	0.0155671	0.606
199753	0.4483	0.673512	0.20334	0.197302	0.0185692	0.519	0.6148	0.222302	0.89554	0.894176	0.0276084	0.4	0.5319	0.351485	0.809391	0.820449	0.0153033	0.592
199754	0.4496	0.678613	0.202495	0.198173	0.0185628	0.517	0.6319	0.2315	0.898833	0.893657	0.0280467	0.408	0.5439	0.350338	0.824755	0.820692	0.0153223	0.584
199755	0.4417	0.673114	0.193996	0.198772	0.0187852	0.537	0.6172	0.214706	0.894595	0.892414	0.0282965	0.426	0.5377	0.336986	0.819471	0.819522	0.0149963	0.55
199756	0.4587	0.680447	0.201512	0.200086	0.0192636	0.52	0.6021	0.21784	0.887282	0.891909	0.0278223	0.447	0.5571	0.339273	0.823333	0.819398	0.014328	0.562
199757	0.4422	0.67	0.195417	0.199781	0.0214439	0.53	0.5992	0.235347	0.893309	0.89275	0.0280217	0.452	0.5416	0.332562	0.809817	0.819695	0.0144732	0.566
199758	0.4437	0.663585	0.195745	0.198618	0.0222119	0.523	0.5969	0.236062	0.894526	0.891823	0.0283019	0.452	0.5434	0.338516	0.810599	0.820681	0.0141804	0.557
199759	0.4505	0.673231	0.206289	0.200109	0.0220788	0.535	0.5879	0.228982	0.883942	0.88992	0.0288767	0.48	0.5537	0.343627	0.817833	0.819647	0.0139287	0.576
199760	0.4535	0.67271	0.20129	0.200933	0.0237878	0.547	0.5868	0.255208	0.892885	0.889615	0.028705	0.463	0.5368	0.332639	0.814151	0.818831	0.0136939	0.573
199761	0.4472	0.654113	0.197351	0.201881	0.0256148	0.524	0.5964	0.25486	0.890875	0.887037	0.0301378	0.454	0.5433	0.33822	0.818501	0.818408	0.0139427	0.562
199762	0.4514	0.677099	0.202941	0.202925	0.0231455	0.518	0.5991	0.24978	0.88956	0.887723	0.0301264	0.44	0.5459	0.333986	0.817808	0.818232	0.014174	0.569
199763	0.4452	0.671622	0.201867	0.201745	0.023137	0.498	0.6109	0.250682	0.893929	0.886783	0.0307261	0.43	0.5403	0.339543	0.805336	0.817954	0.0138377	0.576
199764	0.4431	0.685743	0.20239	0.201336	0.024226	0.526	0.6028	0.236047	0.879474	0.886332	0.0297957	0.442	0.5502	0.346528	0.826887	0.817372	0.0142187	0.559
199765	0.4501	0.668631	0.207595	0.201095	0.0255113	0.52	0.5989	0.235294	0.886918	0.887299	0.0288797	0.436	0.548	0.33381	0.819501	0.817055	0.0143184	0.571
199766	0.4445	0.665962	0.204583	0.201609	0.0252965	0.502	0.6038	0.245183	0.881028	0.886444	0.0297113	0.458	0.5365	0.332049	0.808625	0.816837	0.0137002	0.593
199767	0.4359	0.67251	0.19739	0.202498	0.0235696	0.512	0.5932	0.244541	0.887823	0.886574	0.0291076	0.453	0.5344	0.355818	0.794595	0.816989	0.0134903	0.588
199768	0.4357	0.676172	0.183402	0.202633	0.02372	0.523	0.6011	0.248565	0.893053	0.886035	0.0291264	0.469	0.5487	0.361054	0.816505	0.817226	0.0136769	0.613
199769	0.4556	0.673996	0.216143	0.20174	0.0266879	0.529	0.5843	0.240938	0.887571	0.883667	0.029727	0.478	0.5296	0.346493	0.819638	0.815442	0.0133342	0.631
199770	0.4462	0.666352	0.198938	0.201735	0.0268197	0.533	0.5887	0.267782	0.882567	0.884296	0.0305388	0.483	0.5366	0.375911	0.811382	0.815445	0.0134429	0.628
199771	0.4406	0.65122	0.200214	0.202236	0.02734	0.538	0.5819	0.260455	0.882205	0.883952	0.0295469	0.497	0.5273	0.356369	0.81586	0.816392	0.0135119	0.611
199772	0.4536	0.669517	0.202165	0.202001	0.0289694	0.565	0.5759	0.260362	0.887674	0.883367	0.0308409	0.474	0.5348	0.357447	0.813368	0.81566	0.0139423	0.6
199773	0.4553	0.65823	0.191724	0.202792	0.0282385	0.564	0.5868	0.255274	0.885551	0.883026	0.0313759	0.471	0.5335	0.343833	0.818	0.815902	0.0133627	0.601
199774	0.4624	0.661702	0.204587	0.202275	0.0257293	0.563	0.585	0.254989	0.878828	0.884046	0.0323551	0.519	0.5383	0.355075	0.814286	0.815788	0.0129145	0.612
199775	0.4532	0.65524	0.192906	0.204367	0.022921	0.551	0.5666	0.270906	0.885655	0.881278	0.0329312	0.533	0.5311	0.348693	0.818814	0.815279	0.01293	0.617
199776	0.4473	0.654628	0.192873	0.205326	0.0213491	0.533	0.5628	0.286304	0.878373	0.880322	0.0331515	0.541	0.5382	0.364182	0.818538	0.816119	0.0129744	0.646
199777	0.4483	0.667167	0.198501	0.204286	0.0211031	0.531	0.5657	0.289279	0.891503	0.880529	0.0318197	0.543	0.5176	0.350619	0.822316	0.81595	0.0132339	0.642
199778	0.4432	0.66403	0.193177	0.204636	0.0215755	0.531	0.5568	0.285083	0.87965	0.880728	0.0316122	0.512	0.5331	0.375234	0.816201	0.81536	0.0135343	0.642
199779	0.4503	0.66516	0.207036	0.204196	0.0228775	0.522	0.5696	0.274023	0.879713	0.880632	0.0312519	0.536	0.5268	0.365421	0.816201	0.815839	0.0134023	0.656
199780	0.4478	0.6659	0.209623	0.204218	0.0239162	0.544	0.5649	0.292724	0.87931	0.881295	0.0311089	0.549	0.5243	0.36814	0.822093	0.816347	0.0139786	0.634
199781	0.4531	0.657353	0.20943	0.202956	0.0232319	0.532	0.5525	0.279781	0.884479	0.880729	0.0317006	0.546	0.5317	0.365457	0.819672	0.816396	0.0140901	0.643
199782	0.4453	0.662594	0.198291	0.202502	0.0223207	0.512	0.5577	0.289011	0.880837	0.877529	0.0330662	0.555	0.5186	0.353499	0.815966	0.816432	0.0142502	0.65
199783	0.442	0.672656	0.2	0.201874	0.0212002	0.504	0.5566	0.304144	0.871461	0.87651	0.0331877	0.542	0.5286	0.376	0.812	0.817067	0.014451	0.643
199784	0.4399	0.675	0.201008	0.201194	0.0219413	0.5	0.568	0.299077	0.886245	0.877969	0.0334187	0.555	0.5349	0.380404	0.813165	0.817743	0.0150046	0.648
199785	0.4383	0.6774	0.1992	0.201229	0.0232089	0.502	0.5521	0.291712	0.876854	0.875609	0.0337743	0.537	0.5255	0.361111	0.828125	0.818131	0.0155817	0.651
199786	0.4323	0.665339	0.19739	0.200672	0.022906	0.504	0.5601	0.288454	0.875162	0.873441	0.0329519	0.531	0.5312	0.376959	0.818911	0.820005	0.0153039	0.642
199787	0.4392	0.681151	0.193347	0.203534	0.0208062	0.488	0.5624	0.287006	0.8742	0.874156	0.032213	0.497	0.5313	0.37648	0.808939	0.820978	0.0158804	0.645
199788	0.4371	0.678689	0.206836	0.205538	0.0200426	0.475	0.5772	0.274245	0.876541	0.874473	0.0319619	0.518	0.5302	0.367597	0.825634	0.820116	0.0165915	0.652
199789	0.4406	0.701474	0.204571	0.205731	0.0199894	0.483	0.5745	0.293436	0.876556	0.875116	0.0325159	0.54	0.527	0.371472	0.818391	0.820107	0.0167664	0.654
199790	0.438	0.695859	0.197099	0.205314	0.0200736	0.483	0.5537	0.275926	0.879783	0.874115	0.0336447	0.542	0.5336	0.382722	0.818786	0.820388	0.0170219	0.625
199791	0.4386	0.689855	0.203868	0.207847	0.0186316	0.499	0.5507	0.280996	0.869869	0.872964	0.0343269	0.555	0.536	0.3656	0.82	0.820444	0.0169811	0.622
199792	0.4342	0.672946	0.196407	0.209006	0.0201821	0.485	0.5574	0.304505	0.872809	0.869369	0.0333353	0.524	0.5281	0.355627	0.811905	0.819627	0.0173761	0.619
199793	0.4446	0.686392	0.216893	0.206828	0.0229038	0.482	0.5684	0.293321	0.871218	0.869549	0.0338457	0.544	0.5323	0.356543	0.817848	0.81941	0.0182422	0.639
199794	0.4329	0.676971	0.205792	0.205282	0.0224601	0.461	0.5551	0.287684	0.874123	0.870873	0.0334157	0.561	0.5294	0.365415	0.819668	0.817494	0.0195318	0.637
199795	0.4295	0.689588	0.20705	0.205508	0.0222211	0.443	0.5518	0.302317	0.870615	0.869471	0.0341601	0.575	0.524	0.36044	0.811019	0.814927	0.02158	0.629
199796	0.4209	0.696163	0.201975	0.205102	0.0216423	0.456	0.5529	0.317391	0.871529	0.867716	0.0358479	0.571	0.539	0.374722	0.81752	0.813609	0.0218523	0.597
199797	0.4377	0.708333	0.210846	0.205883	0.0208036	0.433	0.543	0.30035	0.865967	0.868968	0.0353658	0.577	0.5332	0.345561	0.811166	0.812512	0.0215325	0.588
199798	0.4164	0.689145	0.208113	0.206158	0.0199494	0.42	0.5527	0.321837	0.867612	0.868514	0.0353424	0.539	0.5394	0.345068	0.816748	0.813278	0.0220365	0.571
199799	0.4216	0.711429	0.211724	0.204845	0.0202006	0.427	0.5664	0.304824	0.872234	0.869249	0.0361269	0.548	0.5489	0.349037	0.814918	0.814206	0.0224509	0.573
199800	0.4138	0.708665	0.194066	0.205466	0.0203828	0.419	0.5541	0.292701	0.871018	0.869459	0.0363584	0.536	0.542	0.340314	0.812646	0.815516	0.0217806	0.582
199801	0.4161	0.712172	0.202582	0.204063	0.0213266	0.432	0.5644	0.29944	0.870474	0.869908	0.0367539	0.534	0.5479	0.354467	0.817225	0.815444	0.0218116	0.607
199802	0.4216	0.709259	0.202817	0.204333	0.0216828	0.42	0.5583	0.285019	0.871459	0.868658	0.0371699	0.537	0.5293	0.343493	0.816285	0.813624	0.0226842	0.59
199803	0.4177	0.704286	0.210172	0.203045	0.0234403	0.428	0.5581	0.2946	0.863715	0.866665	0.0374192	0.549	0.5502	0.361525	0.821707	0.812607	0.023379	0.584
199804	0.4188	0.703972	0.20542	0.204212	0.0207322	0.42	0.5591	0.30674	0.866297	0.867775	0.0367029	0.545	0.5299	0.332705	0.806731	0.811263	0.0230846	0.586
199805	0.4152	0.708571	0.202759	0.202873	0.0230962	0.406	0.5557	0.294128	0.869011	0.86765	0.0352104	0.55	0.5392	0.345563	0.813285	0.811291	0.0234665	0.59
199806	0.4137	0.717241	0.206229	0.202532	0.0226521	0.409	0.5596	0.306545	0.868889	0.866714	0.0348675	0.549	0.5396	0.347797	0.81561	0.810748	0.0228193	0.579
199807	0.4111	0.71198	0.202876	0.201776	0.0228327	0.394	0.5511	0.293807	0.864302	0.863653	0.034542	0.562	0.5425	0.349914	0.807363	0.813405	0.0191358	0.598
199808	0.4016	0.718274	0.19571	0.201303	0.022747	0.37	0.5575	0.315125	0.868493	0.862322	0.0342666	0.536	0.5319	0.352508	0.798756	0.814161	0.0196779	0.599
199809	0.399	0.724595	0.207778	0.200513	0.0239514	0.373	0.5665	0.310448	0.862284	0.860795	0.0337887	0.537	0.5379	0.354424	0.81197	0.814559	0.01913	0.589
199810	0.3896	0.713405	0.19697	0.202013	0.0239108	0.396	0.5515	0.291248	0.853348	0.860584	0.0334855	0.553	0.5468	0.356367	0.819708	0.815489	0.0188272	0.596
199811	0.4073	0.717677	0.203808	0.200532	0.0245932	0.398	0.5608	0.318264	0.86085	0.860157	0.0330779	0.554	0.5397	0.354195	0.813366	0.815064	0.0195372	0.602
199812	0.4091	0.728894	0.197674	0.201123	0.0234667	0.405	0.5548	0.311372	0.857175	0.860498	0.0334284	0.559	0.5437	0.363621	0.81608	0.815209	0.0196652	0.59
199813	0.4128	0.715556	0.206723	0.1987	0.0252517	0.416	0.5506	0.310376	0.855102	0.859359	0.0341862	0.565	0.5389	0.346271	0.816098	0.816741	0.0181622	0.581
199814	0.4026	0.696394	0.193322	0.20013	0.0252255	0.413	0.5529	0.31115	0.866897	0.862419	0.0351274	0.57	0.5391	0.33821	0.817661	0.814952	0.0199355	0.593
199815	0.4174	0.724697	0.201193	0.20026	0.0244749	0.409	0.5549	0.317193	0.87	0.862548	0.0342148	0.551	0.5443	0.360034	0.812776	0.814826	0.0194998	0.602
199816	0.4118	0.709046	0.206091	0.200007	0.0249672	0.428	0.5513	0.305445	0.853007	0.864591	0.034901	0.545	0.5323	0.348339	0.810553	0.815673	0.0184553	0.578
199817	0.418	0.710514	0.199126	0.201649	0.0249222	0.462	0.5644	0.31211	0.866593	0.866834	0.0338737	0.532	0.5469	0.34827	0.818957	0.814402	0.0189724	0.575
199818	0.4344	0.702814	0.203903	0.202768	0.0260392	0.463	0.5644	0.295301	0.870299	0.868025	0.0330776	0.526	0.5368	0.334435	0.810588	0.813824	0.0194677	0.568
199819	0.431	0.690929	0.20689	0.20218	0.0269614	0.475	0.5632	0.286882	0.869831	0.869051	0.0341172	0.502	0.5461	0.34419	0.811574	0.814089	0.0203155	0.557
199820	0.4447	0.707789	0.206667	0.203072	0.0274632	0.482	0.5821	0.295418	0.871084	0.871053	0.0354167	0.508	0.5427	0.33447	0.804515	0.814024	0.0207296	0.541
199821	0.4322	0.684025	0.197876	0.202874	0.0274657	0.494	0.5661	0.276575	0.865041	0.869096	0.0355168	0.515	0.5559	0.331793	0.820044	0.814261	0.0210858	0.549
199822	0.4376	0.681579	0.199407	0.203396	0.0269775	0.509	0.572	0.285243	0.876495	0.870648	0.0362729	0.497	0.5496	0.330055	0.816851	0.813612	0.0208912	0.553
199823	0.4463	0.678193	0.205906	0.201253	0.0297244	0.51	0.58	0.282294	0.874155	0.870646	0.0364589	0.453	0.5499	0.331284	0.820358	0.813766	0.0209083	0.546
199824	0.4438	0.683333	0.19449	0.200172	0.0292537	0.506	0.5959	0.259161	0.874771	0.868837	0.0363444	0.449	0.5473	0.32674	0.812555	0.815411	0.0205306	0.529
199825	0.443	0.692095	0.187854	0.20006	0.0295454	0.515	0.5925	0.252784	0.869328	0.867922	0.0361888	0.427	0.5585	0.325898	0.819745	0.816044	0.0200805	0.541
199826	0.4399	0.669126	0.196495	0.199809	0.0293421	0.507	0.6013	0.248946	0.863874	0.867412	0.0363514	0.427	0.5576	0.330869	0.824837	0.817122	0.018835	0.522
199827	0.4432	0.680276	0.199391	0.201932	0.028668	0.486	0.6047	0.247073	0.871204	0.866489	0.0360537	0.422	0.5552	0.323372	0.808368	0.817857	0.0180252	0.515
199828	0.4302	0.68107	0.192996	0.201568	0.0282102	0.47	0.5992	0.242891	0.859343	0.864675	0.0369323	0.419	0.5594	0.316311	0.817526	0.817281	0.0192229	0.511
199829	0.4444	0.708298	0.210377	0.201338	0.0263391	0.468	0.5974	0.234845	0.858864	0.863858	0.0358869	0.412	0.5592	0.310959	0.818609	0.816389	0.0206028	0.493
199830	0.43	0.682692	0.207707	0.200446	0.02528	0.493	0.605	0.241262	0.859864	0.863241	0.0352491	0.432	0.5708	0.314402	0.820118	0.815619	0.0214837	0.529
199831	0.4391	0.688438	0.196647	0.199508	0.0258951	0.488	0.5995	0.247917	0.866901	0.864566	0.035586	0.419	0.55	0.31172	0.817622	0.815217	0.022344	0.535
199832	0.4354	0.682172	0.200195	0.199737	0.0245543	0.522	0.6024	0.24463	0.860413	0.865564	0.035301	0.414	0.5566	0.336449	0.809892	0.817645	0.0204356	0.52
199833	0.4472	0.677969	0.195188	0.199515	0.0251787	0.507	0.6132	0.252415	0.868089	0.865031	0.0354504	0.437	0.5487	0.302885	0.815	0.817494	0.02019	0.532
199834	0.4428	0.677909	0.201014	0.199241	0.0243835	0.503	0.594	0.244622	0.865187	0.865038	0.0362829	0.416	0.5519	0.32312	0.811966	0.818125	0.0210182	0.538
199835	0.4383	0.674354	0.199396	0.196655	0.0265033	0.519	0.6103	0.244712	0.870719	0.863528	0.0354457	0.415	0.5597	0.335874	0.820346	0.817927	0.0205041	0.563
199836	0.4453	0.673603	0.19896	0.197801	0.0260515	0.519	0.6084	0.239518	0.870085	0.863948	0.0370164	0.45	0.537	0.319716	0.816934	0.818104	0.0200426	0.565
199837	0.4367	0.667245	0.187942	0.198508	0.0254402	0.521	0.5886	0.251556	0.864364	0.864521	0.0372482	0.446	0.541	0.338584	0.803908	0.819158	0.0197547	0.55
199838	0.4456	0.678887	0.191858	0.199076	0.0243678	0.515	0.5906	0.252242	0.862996	0.865639	0.0378743	0.444	0.5466	0.324727	0.817778	0.819214	0.0207996	0.545
199839	0.4441	0.678641	0.195052	0.199859	0.0228154	0.525	0.6003	0.268694	0.865108	0.86567	0.0373202	0.425	0.5459	0.325321	0.81011	0.821172	0.0187145	0.573
199840	0.4436	0.664381	0.199579	0.198599	0.0230182	0.545	0.6008	0.242588	0.865565	0.867334	0.0372431	0.43	0.5338	0.326876	0.811475	0.820808	0.0194539	0.587
199841	0.4539	0.667339	0.198242	0.201323	0.0221556	0.561	0.6018	0.252326	0.865439	0.868898	0.0371781	0.422	0.5496	0.357411	0.82276	0.819719	0.0198121	0.594
199842	0.4602	0.66738	0.195444	0.200932	0.0222463	0.545	0.6032	0.242654	0.866436	0.870318	0.0378883	0.416	0.5394	0.346296	0.821921	0.820914	0.0193828	0.593
199843	0.4466	0.66	0.190989	0.200444	0.0247448	0.535	0.6098	0.24351	0.870719	0.868247	0.0371207	0.431	0.5416	0.344351	0.828993	0.820748	0.01909	0.584
199844	0.4487	0.662243	0.203011	0.200794	0.0254196	0.554	0.5925	0.236427	0.862214	0.866616	0.0363352	0.408	0.5467	0.350171	0.822596	0.822638	0.018665	0.578
199845	0.4601	0.66426	0.206502	0.202366	0.0248376	0.554	0.6089	0.240441	0.862838	0.864504	0.0352419	0.398	0.538	0.331661	0.820616	0.82332	0.0178874	0.571
199846	0.4565	0.653069	0.212332	0.202672	0.0266831	0.54	0.6125	0.238945	0.859468	0.866482	0.036022	0.459	0.5509	0.342907	0.827739	0.824132	0.0180462	0.58
199847	0.4441	0.657222	0.193913	0.20574	0.0253557	0.531	0.5789	0.239216	0.867098	0.868481	0.0358621	0.484	0.5413	0.331207	0.831429	0.824562	0.0179277	0.555
199848	0.4538	0.665725	0.213859	0.204328	0.0279509	0.52	0.5808	0.275207	0.867442	0.867774	0.0361968	0.475	0.5462	0.324685	0.822472	0.82472	0.017083	0.535
199849	0.452	0.681538	0.203333	0.202866	0.0293765	0.528	0.5822	0.260421	0.873333	0.866679	0.0365759	0.46	0.5552	0.328411	0.816129	0.823908	0.0174041	0.528
199850	0.4508	0.662879	0.213559	0.20392	0.028476	0.506	0.5898	0.262826	0.868333	0.868132	0.0369936	0.456	0.5537	0.312879	0.823093	0.82405	0.0167967	0.534
199851	0.4396	0.677075	0.196356	0.203676	0.0289974	0.504	0.5958	0.26864	0.870037	0.86728	0.036259	0.478	0.5568	0.319476	0.828755	0.824133	0.0154875	0.554
199852	0.4424	0.684325	0.196573	0.203681	0.0281385	0.538	0.5763	0.25523	0.870307	0.867798	0.036761	0.487	0.5398	0.31787	0.815471	0.823737	0.0156117	0.571
199853	0.4559	0.669331	0.207359	0.201248	0.0294857	0.564	0.5808	0.275359	0.87076	0.86684	0.0372423	0.458	0.5381	0.330473	0.814452	0.824035	0.0153337	0.611
199854	0.4643	0.66117	0.209633	0.200367	0.0301092	0.572	0.5926	0.25786	0.875461	0.86791	0.0371996	0.485	0.5365	0.354173	0.822879	0.823739	0.0159887	0.612
199855	0.4525	0.644056	0.196495	0.201123	0.0285771	0.592	0.5735	0.261237	0.867573	0.870133	0.0371318	0.489	0.5372	0.353758	0.826546	0.824248	0.015818	0.591
199856	0.4627	0.649324	0.191912	0.201992	0.0255399	0.597	0.5747	0.275869	0.860665	0.870156	0.0374577	0.498	0.5497	0.359222	0.824939	0.82403	0.0154469	0.59
199857	0.4629	0.638191	0.203226	0.202703	0.0262429	0.596	0.5735	0.276104	0.868526	0.871151	0.0378369	0.469	0.5469	0.345085	0.837317	0.824917	0.015197	0.581
199858	0.4611	0.642114	0.194059	0.202915	0.0265166	0.609	0.5802	0.260128	0.8629	0.873161	0.0376596	0.451	0.5409	0.3358	0.825298	0.824755	0.0153319	0.572
199859	0.4674	0.637603	0.202302	0.203175	0.027567	0.597	0.5953	0.250554	0.878506	0.873126	0.0380263	0.446	0.5512	0.348776	0.821729	0.824137	0.0162521	0.593
199860	0.4584	0.625963	0.210174	0.202587	0.029826	0.605	0.5925	0.250673	0.86769	0.874872	0.0385652	0.447	0.5365	0.337943	0.825799	0.825209	0.0160696	0.597
199861	0.4588	0.633719	0.190886	0.203786	0.0285568	0.626	0.5978	0.247427	0.881013	0.873248	0.0384726	0.473	0.5395	0.343384	0.830025	0.824987	0.0159566	0.608
199862	0.4783	0.637061	0.212567	0.204252	0.0282887	0.603	0.5819	0.256237	0.874194	0.874332	0.0391384	0.484	0.5368	0.354605	0.819388	0.8256	0.0153269	0.595
199863	0.4658	0.628358	0.218892	0.201881	0.0298229	0.59	0.576	0.261983	0.870543	0.873343	0.0389213	0.499	0.5364	0.33916	0.826173	0.824452	0.0156257	0.612
199864	0.4625	0.640169	0.206829	0.19876	0.0331479	0.573	0.5762	0.274349	0.876846	0.873306	0.0391759	0.519	0.5309	0.347386	0.820361	0.823288	0.0158912	0.611
199865	0.4512	0.642408	0.194614	0.196533	0.033845	0.54	0.5705	0.281118	0.882744	0.874964	0.0392252	0.486	0.5404	0.355155	0.831362	0.823028	0.0157386	0.603
199866	0.446	0.665556	0.188261	0.197402	0.0347714	0.544	0.5827	0.267695	0.880545	0.87561	0.0397473	0.486	0.5382	0.3466	0.829219	0.823219	0.0158506	0.62
199867	0.4576	0.676471	0.196491	0.198878	0.0334315	0.537	0.5785	0.266461	0.873541	0.877539	0.0400692	0.497	0.526	0.347903	0.816579	0.822425	0.0168154	0.592
199868	0.4458	0.661453	0.19568	0.196485	0.0339251	0.535	0.5775	0.267606	0.883698	0.879566	0.0398729	0.487	0.5454	0.354054	0.823039	0.821458	0.0169994	0.588
199869	0.4552	0.670841	0.207097	0.196245	0.0345963	0.531	0.5798	0.270431	0.873489	0.876053	0.0406033	0.498	0.5456	0.354932	0.817718	0.820764	0.0180757	0.59
199870	0.4484	0.663653	0.204691	0.197159	0.0343043	0.537	0.5814	0.275301	0.88506	0.874433	0.0409683	0.497	0.5341	0.334237	0.821707	0.820646	0.0178457	0.591
199871	0.4469	0.666108	0.192657	0.196404	0.0337631	0.561	0.5808	0.284708	0.87336	0.873664	0.0397008	0.492	0.5447	0.353976	0.820293	0.820738	0.0187783	0.599
199872	0.4665	0.672371	0.203417	0.196667	0.0334991	0.554	0.5785	0.267073	0.880118	0.874032	0.03894	0.474	0.5402	0.354758	0.817207	0.822751	0.0189028	0.6
199873	0.4522	0.659025	0.195291	0.197237	0.032732	0.556	0.5799	0.25865	0.869392	0.872671	0.0396415	0.475	0.5363	0.3475	0.8195	0.82286	0.018429	0.614
199874	0.4545	0.661511	0.19527	0.195024	0.0345592	0.561	0.5923	0.281263	0.873714	0.873752	0.0402802	0.495	0.5348	0.356678	0.818135	0.822426	0.0183509	0.64
199875	0.4604	0.666132	0.197494	0.197772	0.0329763	0.536	0.5824	0.277576	0.881188	0.874388	0.0406194	0.506	0.5228	0.355625	0.82	0.822116	0.0177448	0.629
199876	0.4441	0.663806	0.190302	0.19811	0.0331076	0.524	0.574	0.282016	0.873077	0.877821	0.0400132	0.51	0.5346	0.367568	0.81779	0.820359	0.0184918	0.613
199877	0.4498	0.678817	0.197689	0.198475	0.0315716	0.528	0.5774	0.287647	0.87898	0.875784	0.0399914	0.514	0.5386	0.364111	0.814987	0.82189	0.0182129	0.614
199878	0.4471	0.668371	0.199576	0.197167	0.0324936	0.512	0.5762	0.282101	0.887243	0.878646	0.0398608	0.514	0.5283	0.349349	0.812953	0.821885	0.0184462	0.626
199879	0.4444	0.675977	0.201434	0.19721	0.0333315	0.532	0.5746	0.287354	0.878395	0.880663	0.039933	0.488	0.5261	0.354952	0.812567	0.822004	0.0186327	0.615
199880	0.4488	0.667857	0.199786	0.198582	0.0328081	0.528	0.581	0.264139	0.883008	0.881641	0.0401732	0.49	0.5348	0.357886	0.817403	0.821803	0.0180501	0.611
199881	0.4571	0.674242	0.214195	0.198953	0.0332878	0.544	0.579	0.257551	0.887843	0.878339	0.0418204	0.505	0.5449	0.359083	0.836761	0.82253	0.0163642	0.585
199882	0.4441	0.650919	0.197368	0.198527	0.0335868	0.545	0.5752	0.267129	0.889495	0.877287	0.0433138	0.53	0.537	0.342906	0.810602	0.822329	0.0170808	0.573
199883	0.4544	0.665688	0.201319	0.19714	0.0352238	0.532	0.5595	0.282642	0.871702	0.877976	0.0436868	0.538	0.5544	0.346771	0.833021	0.823828	0.0169527	0.574
199884	0.4488	0.670677	0.196581	0.194945	0.0372813	0.507	0.5642	0.296654	0.875758	0.877351	0.0433424	0.538	0.5431	0.333624	0.825352	0.823319	0.0170121	0.558
199885	0.4435	0.685404	0.194726	0.195448	0.0366377	0.501	0.5548	0.2829	0.871429	0.880252	0.0430604	0.517	0.5482	0.330287	0.823303	0.821993	0.0165167	0.566
199886	0.4378	0.678842	0.195792	0.194954	0.0359801	0.506	0.5793	0.295164	0.883437	0.881717	0.0428952	0.508	0.5461	0.335159	0.821198	0.820219	0.0168291	0.54
199887	0.4438	0.685178	0.196559	0.197769	0.0345557	0.504	0.5724	0.26378	0.891057	0.882401	0.0424427	0.534	0.5541	0.326852	0.82087	0.820358	0.0174321	0.539
199888	0.4397	0.674206	0.201411	0.196939	0.0352741	0.5	0.5602	0.279775	0.881545	0.881114	0.0440336	0.528	0.5511	0.3282	0.811714	0.820954	0.0176274	0.58
199889	0.4366	0.6728	0.2004	0.198416	0.0349279	0.487	0.5768	0.304545	0.881356	0.878331	0.0449429	0.556	0.5467	0.342241	0.829048	0.821532	0.0178214	0.599
199890	0.4388	0.696715	0.193957	0.199515	0.0326829	0.478	0.5551	0.291727	0.88491	0.878794	0.0459897	0.566	0.53	0.332554	0.824938	0.822026	0.0177396	0.584
199891	0.4413	0.69205	0.211686	0.200724	0.0316395	0.501	0.5497	0.301767	0.873041	0.875899	0.0456625	0.577	0.5466	0.352911	0.81851	0.821458	0.0172622	0.603
199892	0.4368	0.679441	0.193186	0.200835	0.0304738	0.469	0.5596	0.320797	0.885343	0.876572	0.0435363	0.574	0.5366	0.35141	0.817884	0.822771	0.0165219	0.579
199893	0.4302	0.687846	0.202637	0.199184	0.0317316	0.467	0.5514	0.304355	0.884272	0.880387	0.0415587	0.571	0.5473	0.340933	0.831116	0.823589	0.0157519	0.571
199894	0.4208	0.687794	0.186867	0.200752	0.0304222	0.443	0.5518	0.30683	0.877855	0.880572	0.0419866	0.561	0.5433	0.333625	0.822378	0.823905	0.015437	0.563
199895	0.4136	0.685553	0.197307	0.197833	0.0340562	0.427	0.5587	0.310517	0.875854	0.882321	0.0411713	0.588	0.5534	0.34103	0.827002	0.824507	0.0154127	0.543
199896	0.4148	0.701639	0.201047	0.195548	0.0360065	0.427	0.542	0.307993	0.875971	0.883178	0.0419246	0.564	0.5529	0.323941	0.824945	0.825104	0.0156861	0.532
199897	0.4153	0.713115	0.193368	0.196622	0.0351904	0.434	0.563	0.311879	0.887844	0.880088	0.0429772	0.566	0.5571	0.324812	0.821154	0.826697	0.0154117	0.535
199898	0.4154	0.701152	0.19629	0.198193	0.0342475	0.423	0.5465	0.289223	0.882028	0.881628	0.0422781	0.566	0.5549	0.317383	0.828172	0.827057	0.0145132	0.527
199899	0.4164	0.716785	0.196187	0.197129	0.0346006	0.433	0.5561	0.30424	0.884562	0.882781	0.0420008	0.594	0.5644	0.328083	0.827696	0.828087	0.0144097	0.556
199900	0.4054	0.691917	0.186596	0.197818	0.0334195	0.423	0.5519	0.324074	0.885222	0.881695	0.0430024	0.592	0.5372	0.305576	0.827252	0.827759	0.0147554	0.546
199901	0.4228	0.717494	0.206759	0.198974	0.0331444	0.429	0.5443	0.310135	0.884069	0.880944	0.0440132	0.57	0.5502	0.322527	0.824009	0.827201	0.0147891	0.564
199902	0.4159	0.704196	0.199299	0.199069	0.0339156	0.418	0.5573	0.310877	0.883953	0.879887	0.0464986	0.563	0.5526	0.337766	0.830505	0.827169	0.0153656	0.547
199903	0.4117	0.700478	0.204296	0.19802	0.0336634	0.418	0.5564	0.300533	0.886041	0.885463	0.0431401	0.581	0.552	0.320658	0.831347	0.826143	0.0154335	0.533
199904	0.4142	0.723206	0.192268	0.195879	0.0360377	0.398	0.5486	0.307401	0.883055	0.886124	0.0428142	0.555	0.559	0.319325	0.832548	0.825751	0.0143263	0.58
199905	0.4094	0.730402	0.197176	0.194549	0.0378747	0.418	0.5584	0.296036	0.885618	0.885144	0.0436036	0.56	0.5355	0.328793	0.820952	0.826554	0.0137797	0.571
199906	0.4064	0.710526	0.187973	0.193187	0.0389264	0.42	0.5638	0.302857	0.895909	0.883651	0.0442472	0.544	0.552	0.345184	0.827273	0.825958	0.0149286	0.556
199907	0.4106	0.716905	0.188793	0.193173	0.0386557	0.413	0.5635	0.29614	0.882456	0.88576	0.0428035	0.554	0.5425	0.315468	0.826802	0.825346	0.0154896	0.557
199908	0.4117	0.710896	0.201193	0.19349	0.0382243	0.397	0.5566	0.29278	0.884305	0.884277	0.0423622	0.586	0.5459	0.328366	0.819413	0.824574	0.0163516	0.551
199909	0.3974	0.713602	0.189221	0.194483	0.0377484	0.414	0.555	0.324573	0.881159	0.88059	0.0427362	0.584	0.5576	0.335753	0.829844	0.824493	0.0173267	0.552
199910	0.4134	0.716908	0.198976	0.19654	0.0358074	0.409	0.5453	0.307363	0.879327	0.87959	0.0422781	0.572	0.5455	0.319928	0.823438	0.823982	0.0185593	0.563
199911	0.412	0.71687	0.201015	0.195324	0.0377425	0.424	0.5528	0.306993	0.881308	0.881251	0.043508	0.566	0.5433	0.325933	0.823341	0.825393	0.0197962	0.55
199912	0.4185	0.720519	0.196181	0.194061	0.0380718	0.419	0.5539	0.30371	0.880184	0.881623	0.0424931	0.555	0.5529	0.332909	0.821778	0.823483	0.0192792	0.527
199913	0.4132	0.716468	0.194492	0.193416	0.0384448	0.419	0.5604	0.300541	0.884494	0.882601	0.0429073	0.568	0.5595	0.321442	0.824736	0.823572	0.0177546	0.546
199914	0.4054	0.698568	0.193976	0.194337	0.0387861	0.402	0.5537	0.304225	0.881713	0.887227	0.0410106	0.571	0.5523	0.328938	0.820925	0.823105	0.0179384	0.541
199915	0.4068	0.726866	0.191639	0.194197	0.03913	0.399	0.5517	0.307005	0.877389	0.8868	0.0422081	0.554	0.5506	0.321257	0.820915	0.824055	0.0185497	0.551
199916	0.4058	0.729574	0.190849	0.193908	0.038934	0.408	0.5618	0.301083	0.88565	0.886763	0.0422357	0.557	0.5474	0.320508	0.825835	0.825262	0.0201059	0.56
199917	0.4055	0.7125	0.193919	0.19385	0.0380176	0.405	0.5604	0.299461	0.888488	0.887246	0.0406691	0.564	0.5529	0.339643	0.824318	0.824538	0.0191923	0.556
199918	0.4137	0.720494	0.204874	0.191002	0.0404691	0.388	0.5494	0.29078	0.883945	0.887311	0.040664	0.568	0.5433	0.320504	0.822297	0.823394	0.0194183	0.57
199919	0.3925	0.714433	0.188399	0.191641	0.0399336	0.378	0.5588	0.302465	0.895833	0.886456	0.0415636	0.569	0.5489	0.347018	0.816512	0.824919	0.020171	0.584
199920	0.3981	0.731746	0.195338	0.188634	0.0415032	0.382	0.5525	0.301933	0.883295	0.886315	0.0421154	0.55	0.5374	0.334247	0.822596	0.8247	0.0199288	0.598
199921	0.3983	0.729843	0.193366	0.190496	0.041365	0.387	0.5636	0.302364	0.882889	0.884003	0.0426886	0.555	0.5391	0.347324	0.824378	0.824275	0.0185873	0.592
199922	0.4053	0.738243	0.195106	0.190471	0.0417162	0.393	0.561	0.301081	0.885169	0.882738	0.042972	0.548	0.5449	0.350676	0.826716	0.82559	0.0187674	0.614
199923	0.4027	0.729008	0.191433	0.191906	0.0412946	0.411	0.5552	0.285584	0.88208	0.883961	0.0429609	0.538	0.5238	0.342508	0.812176	0.825224	0.0193829	0.615
199924	0.4062	0.713139	0.19202	0.193821	0.0392577	0.407	0.5654	0.29052	0.885498	0.881527	0.0437849	0.541	0.5432	0.367154	0.824416	0.825103	0.0194207	0.634
199925	0.4088	0.716708	0.19747	0.192869	0.0397212	0.405	0.5646	0.293346	0.884314	0.882445	0.0433375	0.546	0.5257	0.349842	0.830328	0.82736	0.0189925	0.629
199926	0.4107	0.718272	0.201345	0.191366	0.041405	0.432	0.5592	0.289011	0.884141	0.882926	0.0424768	0.554	0.5327	0.360254	0.825067	0.827489	0.017555	0.638
199927	0.4118	0.70787	0.18662	0.195275	0.0393339	0.467	0.5543	0.295848	0.875336	0.879941	0.0443035	0.536	0.5303	0.361129	0.828453	0.829116	0.0167363	0.642
199928	0.4297	0.697645	0.194934	0.194391	0.0408482	0.461	0.5597	0.279851	0.882974	0.880902	0.0423371	0.533	0.5369	0.37243	0.831844	0.827931	0.0158749	0.646
199929	0.4316	0.702386	0.2	0.198022	0.0387575	0.446	0.5677	0.291182	0.883298	0.881674	0.0415403	0.529	0.5222	0.353096	0.830791	0.828263	0.0154278	0.647
199930	0.4204	0.690359	0.203069	0.198269	0.0378807	0.448	0.5729	0.293573	0.886624	0.881865	0.0420123	0.531	0.5308	0.363369	0.837677	0.827958	0.0157429	0.628
199931	0.4158	0.691964	0.191667	0.198818	0.0372373	0.467	0.5612	0.279661	0.879957	0.879756	0.0430943	0.542	0.5353	0.36035	0.830645	0.828025	0.0162911	0.631
199932	0.4364	0.700428	0.205066	0.20066	0.0351146	0.48	0.5642	0.291328	0.887118	0.881387	0.043271	0.537	0.5304	0.353566	0.832791	0.827743	0.0165401	0.601
199933	0.436	0.68875	0.202692	0.199549	0.0355733	0.494	0.5634	0.288268	0.882505	0.884016	0.042889	0.511	0.5415	0.353577	0.824561	0.827772	0.0161547	0.571
199934	0.4384	0.68664	0.196047	0.199496	0.0356443	0.483	0.572	0.279452	0.87771	0.884539	0.043034	0.526	0.5465	0.335902	0.826807	0.826993	0.017079	0.582
199935	0.4369	0.679917	0.209865	0.197007	0.0372301	0.489	0.5712	0.279848	0.894515	0.885028	0.042562	0.512	0.5446	0.341237	0.827751	0.827594	0.016627	0.578
199936	0.4385	0.684663	0.202935	0.196027	0.0384034	0.505	0.5745	0.279687	0.883811	0.885192	0.0425011	0.518	0.5483	0.351038	0.818483	0.826327	0.0164521	0.557
199937	0.4421	0.685743	0.193535	0.195587	0.038841	0.499	0.5713	0.276641	0.887967	0.883728	0.0435415	0.53	0.5479	0.325314	0.827765	0.827142	0.0165728	0.583
199938	0.4405	0.686774	0.19521	0.193169	0.0425793	0.47	0.5596	0.268491	0.887872	0.881682	0.0460621	0.515	0.5412	0.339451	0.823261	0.827889	0.0166578	0.567
199939	0.4251	0.696809	0.184151	0.195289	0.0417143	0.475	0.5725	0.279806	0.883299	0.880377	0.0464754	0.549	0.5493	0.335273	0.829561	0.82716	0.0170971	0.583
199940	0.4339	0.706105	0.187619	0.194247	0.0426453	0.475	0.5593	0.29071	0.886253	0.875999	0.0480593	0.559	0.5334	0.3247	0.82518	0.827581	0.0170026	0.588
199941	0.4295	0.688211	0.195429	0.196534	0.0408014	0.499	0.5614	0.307513	0.88322	0.879252	0.0480411	0.557	0.5504	0.346259	0.841748	0.827893	0.0169781	0.568
199942	0.4384	0.684168	0.193613	0.197443	0.0406187	0.492	0.561	0.310592	0.875847	0.879416	0.048511	0.589	0.5503	0.341725	0.824537	0.828605	0.0170414	0.567
199943	0.4344	0.680285	0.19626	0.199425	0.0381416	0.498	0.546	0.310696	0.883212	0.881112	0.0476434	0.58	0.5464	0.328571	0.83164	0.828605	0.0159095	0.542
199944	0.4395	0.679116	0.201793	0.197377	0.0395479	0.463	0.5496	0.311897	0.877857	0.879086	0.0483079	0.586	0.5557	0.328598	0.824454	0.828149	0.0163314	0.517
199945	0.4248	0.685961	0.199628	0.195151	0.0402605	0.454	0.5514	0.319283	0.879952	0.876049	0.0493525	0.561	0.5628	0.306576	0.83706	0.827958	0.0172201	0.508
199946	0.4204	0.694493	0.192491	0.195489	0.0397626	0.466	0.5592	0.313369	0.873349	0.872661	0.049799	0.576	0.5654	0.301378	0.838008	0.82886	0.0168089	0.505
199947	0.4355	0.706652	0.198876	0.194975	0.0406791	0.455	0.5492	0.306597	0.878774	0.872096	0.0489724	0.6	0.5674	0.307723	0.832323	0.829694	0.0159336	0.51
199948	0.4232	0.693407	0.197615	0.195926	0.040562	0.447	0.536	0.309333	0.876	0.869623	0.0498123	0.582	0.5617	0.309412	0.824286	0.830568	0.0156399	0.495
199949	0.4237	0.704474	0.196745	0.195724	0.0397276	0.469	0.5512	0.318385	0.875359	0.870701	0.0500551	0.576	0.5733	0.308081	0.833267	0.830351	0.0157937	0.487
199950	0.4285	0.694456	0.193597	0.195234	0.0407635	0.426	0.5465	0.304861	0.874764	0.871748	0.0502833	0.597	0.5659	0.297125	0.821053	0.829358	0.0166011	0.462
199951	0.4113	0.699061	0.197735	0.192742	0.0427311	0.457	0.5461	0.329983	0.866253	0.870274	0.0502828	0.585	0.5788	0.29026	0.82658	0.829921	0.0158868	0.478
199952	0.43	0.709847	0.194475	0.195109	0.0391552	0.476	0.5532	0.328034	0.870602	0.869151	0.0501555	0.593	0.5699	0.28431	0.831418	0.83113	0.015097	0.442
199953	0.4324	0.688445	0.199809	0.192397	0.0412157	0.485	0.5393	0.310287	0.872973	0.866997	0.0498703	0.571	0.5874	0.280317	0.830645	0.830498	0.0155877	0.446
199954	0.4423	0.697938	0.201553	0.191578	0.0396752	0.482	0.5608	0.324869	0.874825	0.867883	0.0492181	0.561	0.5856	0.277354	0.833755	0.830063	0.0158989	0.422
199955	0.433	0.690249	0.193629	0.190042	0.0419961	0.471	0.5521	0.305704	0.86697	0.866696	0.0486311	0.562	0.5986	0.270853	0.837889	0.829046	0.0160998	0.419
199956	0.4282	0.701699	0.184688	0.188622	0.042333	0.463	0.5509	0.300178	0.872603	0.866902	0.0485967	0.568	0.5995	0.273031	0.83494	0.829726	0.0156297	0.394
199957	0.4171	0.693952	0.178399	0.187034	0.0426334	0.447	0.5512	0.314789	0.862037	0.867116	0.0489583	0.552	0.6166	0.279188	0.835974	0.829816	0.0160271	0.4
199958	0.4251	0.714094	0.191501	0.184909	0.0436558	0.44	0.5628	0.308514	0.876116	0.867278	0.049156	0.552	0.6032	0.25975	0.832167	0.828462	0.0162177	0.41
199959	0.4258	0.722045	0.193036	0.185532	0.0440145	0.436	0.5572	0.30942	0.8625	0.868556	0.0488668	0.568	0.5997	0.269756	0.828983	0.82746	0.0167867	0.409
199960	0.4171	0.709404	0.191135	0.18485	0.0439213	0.46	0.5517	0.305458	0.875463	0.869004	0.0475366	0.574	0.6061	0.277751	0.833333	0.827162	0.0167955	0.409
199961	0.4278	0.708913	0.188333	0.182226	0.0463034	0.458	0.5458	0.307143	0.867371	0.86908	0.0474749	0.576	0.6012	0.269438	0.830795	0.827649	0.0167288	0.408
199962	0.4166	0.700873	0.176384	0.180996	0.0468271	0.474	0.5532	0.313715	0.878538	0.871495	0.0463868	0.608	0.5949	0.26201	0.824324	0.827494	0.0163603	0.386
199963	0.439	0.713502	0.191635	0.180577	0.0464095	0.484	0.5378	0.322204	0.872194	0.867254	0.0463971	0.591	0.6092	0.267617	0.823941	0.828493	0.0162828	0.379
199964	0.4281	0.691736	0.180814	0.183002	0.0443956	0.499	0.5576	0.338748	0.873839	0.863125	0.0465895	0.587	0.6102	0.256728	0.825926	0.828165	0.0167058	0.379
199965	0.4452	0.702405	0.189022	0.184587	0.0424158	0.468	0.5402	0.317717	0.856416	0.861231	0.0477935	0.568	0.6139	0.262269	0.828502	0.828687	0.01696	0.38
199966	0.4214	0.686752	0.18797	0.187224	0.0410527	0.461	0.5537	0.31743	0.864352	0.863479	0.048562	0.554	0.6119	0.253421	0.831613	0.828122	0.0173632	0.377
199967	0.4212	0.701735	0.181262	0.188146	0.0406258	0.434	0.5562	0.305054	0.868161	0.867092	0.047438	0.548	0.6125	0.254377	0.829213	0.828588	0.017179	0.409
199968	0.4167	0.703226	0.196996	0.189367	0.0393656	0.457	0.5553	0.300182	0.864602	0.86372	0.0471638	0.532	0.5959	0.262103	0.826904	0.828609	0.017455	0.387
199969	0.4234	0.701532	0.189319	0.187586	0.0406593	0.471	0.5634	0.301316	0.861325	0.862443	0.0480541	0.533	0.6049	0.259173	0.823165	0.827993	0.0171164	0.381
199970	0.4323	0.705732	0.188847	0.187585	0.0408328	0.471	0.5668	0.301126	0.870021	0.863116	0.0493066	0.542	0.6142	0.26378	0.829887	0.828117	0.0171494	0.397
199971	0.4253	0.692781	0.187146	0.187278	0.0418418	0.493	0.5549	0.297601	0.859389	0.865859	0.0479424	0.493	0.6031	0.255919	0.831675	0.829394	0.0173587	0.417
199972	0.4356	0.692089	0.186193	0.183594	0.0444139	0.504	0.5861	0.297972	0.866272	0.865086	0.0486307	0.465	0.5959	0.271942	0.827616	0.829622	0.0169436	0.4
199973	0.4348	0.692063	0.173387	0.184848	0.0446818	0.517	0.584	0.266882	0.859626	0.867539	0.0479773	0.476	0.6055	0.257	0.837833	0.830172	0.0173146	0.394
199974	0.4404	0.678723	0.1853	0.184609	0.0426853	0.528	0.575	0.256513	0.864313	0.865766	0.048256	0.467	0.6024	0.254061	0.828878	0.830192	0.0165367	0.375
199975	0.4407	0.668939	0.185381	0.184393	0.0430985	0.521	0.5902	0.278373	0.863415	0.867366	0.048166	0.477	0.6209	0.250667	0.84304	0.828683	0.0155673	0.362
199976	0.4467	0.685221	0.187265	0.187812	0.0432151	0.525	0.5767	0.257442	0.867878	0.869544	0.0470431	0.473	0.6179	0.243923	0.830094	0.828531	0.0153327	0.367
199977	0.442	0.675238	0.184211	0.189535	0.0433521	0.551	0.5825	0.263425	0.86888	0.871342	0.0484471	0.454	0.6122	0.241962	0.826856	0.827477	0.0155873	0.374
199978	0.4556	0.66824	0.194655	0.190996	0.0418343	0.546	0.6027	0.272907	0.876923	0.867866	0.0493766	0.466	0.6101	0.259358	0.819649	0.827438	0.0153801	0.38
199979	0.4471	0.665018	0.185022	0.189823	0.0432632	0.558	0.586	0.261803	0.868914	0.868134	0.050106	0.458	0.6115	0.258421	0.827903	0.827142	0.015566	0.367
199980	0.449	0.663799	0.177828	0.189729	0.0436636	0.557	0.5888	0.260699	0.866052	0.870595	0.0491006	0.452	0.6084	0.240327	0.821801	0.826746	0.0154959	0.348
199981	0.4657	0.68061	0.195485	0.186198	0.0455752	0.521	0.5982	0.262168	0.875365	0.873703	0.0484597	0.433	0.6227	0.246839	0.823313	0.824984	0.0157127	0.35
199982	0.4437	0.673896	0.193319	0.186941	0.0450728	0.543	0.6053	0.250808	0.876014	0.87268	0.0489865	0.456	0.6208	0.248	0.821538	0.825677	0.0160858	0.341
199983	0.4594	0.684715	0.191685	0.184284	0.0451975	0.549	0.5837	0.248026	0.865074	0.874653	0.0494424	0.487	0.6288	0.255425	0.822003	0.825097	0.0161586	0.365
199984	0.4445	0.653734	0.1898	0.183706	0.046482	0.537	0.5773	0.270842	0.868226	0.875617	0.0493064	0.489	0.6091	0.248219	0.816535	0.825661	0.0161476	0.366
199985	0.4394	0.663687	0.179266	0.18462	0.0456861	0.529	0.5797	0.263804	0.881996	0.871691	0.0499931	0.525	0.6163	0.25	0.82776	0.82579	0.0162622	0.388
199986	0.4523	0.679584	0.197028	0.180231	0.0463868	0.51	0.5566	0.269333	0.874105	0.872833	0.0493684	0.536	0.6093	0.26134	0.829902	0.826144	0.0166712	0.392
199987	0.4376	0.675882	0.189592	0.177799	0.047294	0.505	0.5695	0.304291	0.875862	0.872151	0.0491594	0.536	0.6047	0.26199	0.825658	0.826222	0.0160239	0.387
199988	0.4349	0.688119	0.176566	0.176554	0.0478206	0.485	0.5661	0.29403	0.880388	0.869569	0.0499736	0.525	0.6036	0.263049	0.818597	0.82668	0.0160999	0.396
199989	0.4357	0.701443	0.185437	0.180623	0.0481746	0.485	0.5649	0.292381	0.866105	0.870357	0.0498157	0.491	0.6042	0.255303	0.832947	0.827177	0.0175666	0.399
199990	0.4287	0.691959	0.180777	0.185738	0.0457075	0.506	0.5829	0.286151	0.869155	0.869896	0.0487818	0.484	0.6009	0.268922	0.821298	0.827978	0.0165106	0.382
199991	0.4425	0.690514	0.188462	0.186306	0.0461133	0.513	0.5813	0.267975	0.875194	0.870662	0.0490776	0.507	0.6118	0.249738	0.835599	0.827492	0.0162644	0.4
199992	0.4378	0.680897	0.181725	0.186618	0.0468127	0.49	0.5673	0.283826	0.858824	0.872392	0.0488979	0.524	0.596	0.24725	0.8285	0.826932	0.0171531	0.408
199993	0.4367	0.69449	0.18902	0.187354	0.0468567	0.524	0.5608	0.280534	0.869328	0.871755	0.0491137	0.507	0.5961	0.268382	0.821959	0.827473	0.017355	0.381
199994	0.4525	0.689504	0.191597	0.185811	0.0466604	0.536	0.5788	0.296252	0.869371	0.872971	0.048999	0.526	0.6052	0.245407	0.826656	0.826795	0.0176875	0.382
199995	0.4419	0.667724	0.181034	0.184044	0.0488862	0.556	0.5606	0.28365	0.867932	0.87308	0.0486164	0.517	0.6078	0.253141	0.827023	0.827415	0.0175861	0.392
199996	0.4548	0.667446	0.188514	0.18264	0.0489157	0.547	0.5707	0.292456	0.86853	0.870275	0.0490045	0.559	0.6051	0.260204	0.827467	0.827013	0.0174987	0.403
199997	0.4571	0.677514	0.190949	0.181863	0.0485947	0.537	0.5462	0.285331	0.876871	0.87025	0.0493972	0.56	0.5984	0.265261	0.823283	0.826339	0.0171391	0.402
199998	0.4407	0.662942	0.182937	0.182845	0.050459	0.536	0.5574	0.316964	0.863409	0.870559	0.0490707	0.561	0.6017	0.26791	0.826087	0.826154	0.0170382	0.398
199999	0.44	0.666045	0.178879	0.18095	0.0524394	0.563	0.555	0.304813	0.874715	0.876314	0.0477358	0.553	0.6004	0.26206	0.824086	0.825707	0.0171504	0.436
200000	0.4636	0.680107	0.184668	0.182702	0.0512744	0.542	0.561	0.305244	0.877405	0.873471	0.0485158	0.563	0.5836	0.273165	0.823582	0.82599	0.0176155	0.458
